Source,Original ID,Acceptability,Original annotation,Sentence,Material added
SoD-Noun2,4.12a',0,?,Een kilo appels ligt op tafel.,0
SoD-Noun2,4.13a',0,?,Twee liters melk staan in de koelkast.,0
SoD-Noun2,4.30a,0,?,Ik drink een zure fles melk.,1
SoD-Noun2,4.35a,0,?,Een hoop pieren krioelt door elkaar.,0
SoD-Noun2,4.35b,0,?,Een pond pieren krioelen door elkaar.,0
SoD-Noun2,4.42b,0,?,Er waren vijf meters touw over.,0
SoD-Noun2,4.56b,0,?,Deze paar euro's die hij me gaf maken geen verschil.,0
SoD-Noun2,4.56b,0,?,Deze paar euro's maken geen verschil.,0
SoD-Noun2,4.60b,0,?,"Hier ligt mijn pond kaas, en daar het jouwe.",0
SoD-Noun2,4.65a,0,?,Ik heb sommige liters melk.,1
SoD-Noun2,4.71a',0,?,Dat is een gestolen reep chocola.,1
SoD-Noun2,4.71b',0,?,Dat is een gebroken stuk krijt.,1
SoD-Noun2,4.72a',0,?,Dat is een verspreide groep studenten.,1
SoD-Noun2,4.72b',0,?,Dat is een opgeschrikte vlucht kraanvogels.,1
SoD-Noun2,4.78b',0,?,Dat is een kilo onsjes kaas.,1
SoD-Noun2,4.79b',0,?,Dat is een doos kilo's kaas.,1
SoD-Noun2,4.83c,0,?,Ik heb twee liters bier gedronken.,1
SoD-Noun2,4.113b,0,?,Dat zijn vier glazen lekker bier.,1
SoD-Noun2,4.113c,0,?,Dat is het glas lekker bier.,1
SoD-Noun2,4.131b',0,?,Dat zijn twee kilo's van de appels.,1
SoD-Noun2,4.131d',0,?,Dat zijn twee dozen van de appels.,1
SoD-Noun2,4.162b,0,?,Jan zoekt het autosoort.,1
SoD-Noun2,4.167b,0,?,Jan zoekt drie kleuren trui.,1
SoD-Noun2,4.170b,0,?,Peter zoekt een duurt soort auto.,1
SoD-Noun2,4.205b,0,?,Die idioten van een regering zijn nu helemaal gek geworden.,0
SoD-Noun2,4.227d,0,?,Wat voor een iets is dat?,0
SoD-Noun2,4.227d,0,?,Wat voor een iemand is dat?,0
SoD-Noun2,4.235b,0,?,Wat voor een iemand zou je willen uitnodigen?,0
SoD-Noun2,4.243a',0,?,Wat voor rare man met een stok loopt daar?,0
SoD-Noun2,4.243a',0,?,Wat voor een rare man met een stok loopt daar?,0
SoD-Noun2,4.243b',0,?,Wat voor interessant pakje in pakpapier heb je daar?,0
SoD-Noun2,4.243b',0,?,Wat voor een interessant pakje in pakpapier heb je daar?,0
SoD-Noun2,4.248b,0,?,Wat heb je voor boeken in de kast gezet?,0
SoD-Noun2,4.248b,0,?,Wat heb je voor een boeken in de kast gezet?,0
SoD-Noun2,4.256a,0,?,Wat hebben er gisteren voor jongens gevochten?,0
SoD-Noun2,4.256a,0,?,Wat hebben er gisteren voor een jongens gevochten?,0
SoD-Noun2,4.258b,0,?,Wat hebben voor een vogels je voedertafel bezocht?,0
SoD-Noun2,4.259b,0,?,Wie rookt er de sigaar?,0
SoD-Noun2,4.260a,0,?,Wat hebben gisteren voor een vogels je voedertafel bezocht?,0
SoD-Noun2,4.261a,0,?,Wat voor een meisje heb je een lolly gegeven?,0
SoD-Noun2,4.261b,0,?,Wat voor een mensen heb je je artikel toegestuurd?,0
SoD-Noun2,4.274a',0,?,Wat dacht Jan dat hij voor een boeken moest lezen?,0
SoD-Noun2,4.274b,0,?,Wat voor een boeken wist Jan niet dat hij moest lezen?,0
SoD-Noun2,5.36b,0,?,Alle jongens hebben twee keer het lied gezongen.,0
SoD-Noun2,5.69a,0,?,Een ondraaglijk verdriet is moeilijk te bestrijden.,0
SoD-Noun2,5.69b,0,?,Een onzegbaar verdriet kan tot zelfmoord leiden.,0
SoD-Noun2,5.74a',0,?,Het roken van de sigaren irriteert me.,0
SoD-Noun2,5.74a',0,?,Het roken van de sigaar irriteert me.,0
SoD-Noun2,5.77a,0,?,Benzine is weer duur dit jaar.,0
SoD-Noun2,5.92a,0,(?),Jan ziet de geboren Karl Marx.,0
SoD-Noun2,5.140b',0,?,Jan kuste Peter adembenemend.,0
SoD-Noun2,5.167b'',0,?,De man kosten die kaartjes een euro.,0
SoD-Noun2,5.182a,0,?,Hij loopt tegen de dertig jaar.,0
SoD-Noun2,5.182b,0,?,Hij is in de dertig jaar.,0
SoD-Noun2,5.182c,0,?,Hij is de dertig jaar al gepasseerd.,0
SoD-Noun2,5.186c,0,(?),Marie heeft het kind bij Jan in zijn armen geduwd.,0
SoD-Noun2,5.186c,0,(?),Marie heeft het kind bij Jan in de armen geduwd.,0
SoD-Noun2,5.189b,0,?,Hij had een hoed op het hoofd.,0
SoD-Noun2,5.189c,0,?,Hij had geen sokken aan de voeten.,0
SoD-Noun2,5.191a',0,?,Het kind werd in de armen genomen.,0
SoD-Noun2,5.191b',0,?,Het kind werd in de armen gehouden.,0
SoD-Noun2,5.209a,0,?,Geen brief heb ik geschreven maar een memo.,0
SoD-Noun2,5.220b,0,?,Geen schip levert men 100% waterdicht af.,0
SoD-Noun2,5.222b,0,?,Geen computerprogramma heeft dit bedrijf ooit storingsvrij afgeleverd.,0
SoD-Noun2,5.251a',0,?,Ik speel niet piano.,0
SoD-Noun2,5.251b',0,?,Ik rijd niet auto.,0
SoD-Noun2,5.252a,0,?,Jan zegt dat ik niet piano kan spelen.,1
SoD-Noun2,5.252b,0,?,Jan zegt dat ik niet auto kan rijden.,1
SoD-Noun2,5.256a,0,?,De Denen willen eigenlijk helemaal geen Europa.,0
SoD-Noun2,5.256a',0,?,België wil geen Italië worden.,0
SoD-Noun2,5.272a,0,?,Geen komt in aanmerking voor de baan.,0
SoD-Noun2,5.341a',0,?,Iemand heeft gebeld.,0
SoD-Noun2,5.361b,0,?,Jan zoekt een leuk iets.,0
SoD-Noun2,5.367c,0,?,Wie je dat geeft wordt een gelukkig mens.,0
SoD-Noun2,5.406a,0,(?),Deze auto heeft problemen met de motor.,0
SoD-Noun2,5.406b',0,?,De auto staat in de garage. Zijn motor moet nagekeken worden.,0
SoD-Noun2,5.509b,0,?,Het huis uit met deze bal!,0
SoD-Noun2,5.509b,0,?,Het huis uit met de bal!,0
SoD-Noun2,5.509b,0,?,Het huis uit deze bal!,0
SoD-Noun2,5.509b,0,?,Het huis uit de bal!,0
SoD-Noun2,6.12b,0,(?),Jan heeft anderhalf duizend boeken.,0
SoD-Noun1,2.84b,0,?,Dit broodje is met kaas.,0
SoD-Noun1,2.90a,0,(?),Ik heb er de verwoesting van meegemaakt.,0
SoD-Noun1,2.90b,0,?,Ze hebben er de overname van bekritiseerd.,0
SoD-Noun1,2.90c,0,(?),Ze hebben er de expert van stilgelegd.,0
SoD-Noun1,2.91b',0,(?),Zij heeft het geloof erin opgegeven.,0
SoD-Noun1,2.92a',0,?,Ik heb een inleiding er in geschreven.,0
SoD-Noun1,2.92b',0,?,Ik heb een uitbreiding er mee kunnen tegenhouden.,0
SoD-Noun1,2.93a',0,?,Van mijn broer betreur ik het ontslag.,0
SoD-Noun1,2.97b',0,?,Van wie heb jij de vader nog niet gezien?,0
SoD-Noun1,2.99a,0,?,Ik zal het ontslag betreuren van mijn zus.,0
SoD-Noun1,2.99b,0,?,Ik heb de vader gezien van Els.,0
SoD-Noun1,2.102a,0,?,Ik zal van mijn broer zeker het ontslag betreuren.,0
SoD-Noun1,2.111a,0,?,Ik heb de lakens van dit satijn gekocht en de slopen van dat satijn.,0
SoD-Noun1,2.111a,0,?,Ik heb de lakens van dit satijn gekocht.,0
SoD-Noun1,2.113a'',0,?,Van Jan heb ik gisteren een auto gezien.,0
SoD-Noun1,2.114a,0,?,Ik heb de de auto gezien van Jan.,0
SoD-Noun1,2.117a,0,?,Ik zei dat ik het ontslag betreur van die jongen.,1
SoD-Noun1,2.117b,0,?,Ik heb de lakens gekocht van een heel bijzonder soort satijn.,0
SoD-Noun1,2.122a,0,?,Van Jan heb ik zijn werk gecorrigeerd.,0
SoD-Noun1,2.169a,0,?,Hij is de schenker van een Van Gogh.,0
SoD-Noun1,2.194b,0,?,Dat is mijn ouders’ bakker.,1
SoD-Noun1,2.194c,0,?,Die bakker is van mijn ouders.,0
SoD-Noun1,2.195c,0,(?),Deze leraar is van Jan.,0
SoD-Noun1,2.213b',0,?,De arts heeft alle lijders eraan behandeld.,0
SoD-Noun1,2.213c',0,?,Veel luisteraars ernaar klaagden over de slechte ontvangst.,0
SoD-Noun1,2.213d',0,?,Alle klagers erover kregen een vriendelijk antwoord.,0
SoD-Noun1,2.214a',0,?,Van dit schilderij heb ik de maker ontmoet.,0
SoD-Noun1,2.214b',0,?,Van dit toernooi heb ik de organisator gesproken.,0
SoD-Noun1,2.215a,0,?,Dit is het schilderij waarvan ik de maker heb ontmoet.,1
SoD-Noun1,2.215a',0,?,Van welk schilderij heb jij de maker ontmoet?,0
SoD-Noun1,2.215b,0,?,Dat is het toernooi waarvan ik de organisator gesproken heb.,1
SoD-Noun1,2.215b',0,?,Van welk toernooi heb jij de organisator gesproken?,0
SoD-Noun1,2.216a,0,?,Ik heb de maker ontmoet van dit schilderij.,0
SoD-Noun1,2.216b,0,?,Ik heb de organisator gesproken van dit toernooi.,0
SoD-Noun1,2.216c,0,?,Hij weet dat ik de vertelster bewonder van die sterke verhalen.,1
SoD-Noun1,2.217a,0,?,Ik heb van dit schilderij gisteren de maker ontmoet.,0
SoD-Noun1,2.217b,0,?,Ik heb van dit toernooi gisteren de organisator gesproken.,0
SoD-Noun1,2.219a,0,?,Van dit grote bedrag heb ik de schenker aan de kerk ontmoet.,0
SoD-Noun1,2.220a,0,?,Dat is het grote bedrag waarvan ik de schenker heb ontmoet.,1
SoD-Noun1,2.220b,0,?,Van welk groot bedrag heb jij de schenker ontmoet?,0
SoD-Noun1,2.227a',0,?,Zijn klagen over het weer is irritant.,0
SoD-Noun1,2.227a',0,(?),Dit klagen over het weer is irritant.,0
SoD-Noun1,2.233a,0,?,Opbergen van de mappen kost veel tijd.,0
SoD-Noun1,2.233a,0,?,Opbergen van die mappen kost veel tijd.,0
SoD-Noun1,2.233a,0,?,Opbergen van mijn mappen kost veel tijd.,0
SoD-Noun1,2.233b,0,?,De mappen opbergen kost veel tijd.,0
SoD-Noun1,2.233b,0,?,Die mappen opbergen kost veel tijd.,0
SoD-Noun1,2.233b,0,?,Mijn mappen opbergen kost veel tijd.,0
SoD-Noun1,2.235a,0,?,Maken van dit soort sommen is lastig.,0
SoD-Noun1,2.235b,0,?,Behandelen van dit type patiënt kost veel tijd.,0
SoD-Noun1,2.236a,0,?,Het wandelen van de zieken moet worden aangemoedigd.,0
SoD-Noun1,2.236a,0,?,Het wandelen van deze zieken moet worden aangemoedigd.,0
SoD-Noun1,2.236b,0,?,Het opstijgen van deze vliegtuigen maakt te veel lawaai.,0
SoD-Noun1,2.237b,0,?,Het de mappen opbergen kost veel tijd.,0
SoD-Noun1,2.237b,0,?,Het die mappen opbergen kost veel tijd.,0
SoD-Noun1,2.237b,0,?,Het mijn mappen opbergen kost veel tijd.,0
SoD-Noun1,2.239a,0,?,Winnaars de prijzen uitreiken is een feestelijke gelegenheid.,0
SoD-Noun1,2.243b,0,?,Het door artsen behandelen van patiënten kost veel tijd.,0
SoD-Noun1,2.244b,0,?,Het uitreiken van de prijzen door de voorzitter aan de winnaars duurde lang.,0
SoD-Noun1,2.246b,0,?,Uitreiken van prijzen door voorzitters aan winnaars duurt altijd lang.,0
SoD-Noun1,2.247b,0,?,Uitreiken van prijzen door voorzitters aan winnaars van internationale wedstrijden duurt altijd lang.,0
SoD-Noun1,2.248a,0,?,Het patiënten behandelen door artsen kost veel tijd.,0
SoD-Noun1,2.250a,0,(?),Het prijzen uitreiken aan winnaars door voorzitters duurt altijd lang.,0
SoD-Noun1,2.251a,0,(?),Prijzen uitreiken aan winnaars door voorzitters duurt altijd lang.,0
SoD-Noun1,2.256b',0,?,Het laten uitreiken van prijzen aan de winnaars door de voorzitter bleek een goed idee.,1
SoD-Noun1,2.268a',0,?,Maken van sommen is saai.,0
SoD-Noun1,2.268b',0,?,Behandelen van patiënten kost veel tijd.,0
SoD-Noun1,2.269a,0,?,Deze sommen maken is lastig.,0
SoD-Noun1,2.269b,0,?,De koningin behandelen kost veel tijd.,0
SoD-Noun1,2.270b,0,?,Het patiënten behandelen kost veel tijd.,0
SoD-Noun1,2.272a',0,?,Het een appeltje eten in de pauze is een goede gewoonte.,0
SoD-Noun1,2.272b',0,?,Het je appeltje opeten in de pauze is een goede gewoonte.,0
SoD-Noun1,2.282b',0,?,Dat prijzen uitreiken duurde lang.,0
SoD-Noun1,2.283b,0,?,Dat cadeaus geven door Sinterklaas is een oude traditie.,0
SoD-Noun1,2.285a,0,?,Zijn geven van cadeaus is een oude traditie.,0
SoD-Noun1,2.285a,0,?,Zijn geven van de cadeaus is een oude traditie.,0
SoD-Noun1,2.287a,0,?,Kinderen cadeaus geven is een oude traditie.,0
SoD-Noun1,2.287b,0,?,Winnaars prijzen uitreiken duurt altijd lang.,0
SoD-Noun1,2.288a',0,?,Geven van cadeaus aan kinderen is een oude traditie.,0
SoD-Noun1,2.290a,0,?,Het kinderen cadeaus geven is een oude traditie.,0
SoD-Noun1,2.290a',0,?,Het cadeaus aan de kinderen geven is een oude traditie.,0
SoD-Noun1,2.290b,0,?,Dat winnaars prijzen uitreiken duurt altijd lang.,0
SoD-Noun1,2.290b',0,?,Dat prijzen aan de winnaars uitreiken duurt lang.,0
SoD-Noun1,2.293a,0,?,Dat kinderen cadeaus geven door Sinterklaas is een oude traditie.,1
SoD-Noun1,2.293b,0,?,Dat cadeaus geven aan kinderen door Sinterklaas is een oude traditie.,1
SoD-Noun1,2.293b',0,?,Dat cadeaus aan kinderen geven door Sinterklaas is een oude traditie.,1
SoD-Noun1,2.294a,0,?,Zijn geven van cadeaus aan kinderen is een oude traditie.,0
SoD-Noun1,2.297a,0,?,Het op groot wild jagen is verachtelijk.,0
SoD-Noun1,2.297a,0,?,Het op groot wild jagen van adellijke heren is verachtelijk.,0
SoD-Noun1,2.297c,0,?,Het jagen van adellijke heren op groot wild is verachtelijk.,0
SoD-Noun1,2.300b,0,?,Aanbevelen van bejaarden voor deze baan is slim.,0
SoD-Noun1,2.301b,0,?,Het bejaarden voor deze baan aanbevelen is slim.,0
SoD-Noun1,2.301b,0,?,Het bejaarden aanbevelen voor deze baan is slim.,0
SoD-Noun1,2.307b',0,?,Het je grootste vijand als je vriend beschouwen is dwaas.,0
SoD-Noun1,2.307b',0,?,Het je grootste vijand beschouwen als je vriend is dwaas.,0
SoD-Noun1,2.308a,0,(?),Jan tot voorzitter van de vereniging benoemen is verstandig.,0
SoD-Noun1,2.308b,0,(?),Het tot voorzitter van de vereniging benoemen van Jan is verstandig.,0
SoD-Noun1,2.326c,0,?,Het erop jagen moest verboden worden.,0
SoD-Noun1,2.326d,0,?,Het ervan genieten werd ons onmogelijk gemaakt.,0
SoD-Noun1,2.327c,0,?,Jagen erop moest verboden worden.,0
SoD-Noun1,2.327d,0,?,Genieten ervan werd ons onmogelijk gemaakt.,0
SoD-Noun1,2.332a',0,?,Dat is het soort fruit waarvan het eten altijd gestimuleerd zou moeten worden.,1
SoD-Noun1,2.332b',0,?,Van welk soort fruit zou het eten gestimuleerd moeten worden?,0
SoD-Noun1,2.333a,0,?,Ik heb het eten aangeraden van vers fruit.,0
SoD-Noun1,2.340b,0,?,Vernietigingen zijn soms moeilijk te voorkomen.,0
SoD-Noun1,2.346b',0,?,De behandeling door de arts van de patiënt van kamer 114,0
SoD-Noun1,2.347b',0,(?),Peters behandeling door een arts kostte veel tijd.,0
SoD-Noun1,2.347b',0,(?),Hun behandeling door een arts kostte veel tijd.,0
SoD-Noun1,2.353a'',0,?,Overdrachten door onervaren bewakers van gevaarlijke gevangenen dienen te worden vermeden.,0
SoD-Noun1,2.353b'',0,?,Uitreikingen door voorzitters van grote prijzen duren altijd lang.,0
SoD-Noun1,2.354c,0,?,Hun overdracht door de bewakers verliep snel.,0
SoD-Noun1,2.357b,0,(?),Jan regelde de overdracht van de gevangenen door de bewakers aan de politie.,1
SoD-Noun1,2.357c,0,?,Jan regelde de overdracht aan de politie van de gevangenen door de bewakers.,1
SoD-Noun1,2.358a',0,(?),Piet was bij hun overdracht door de bewakers aan de politie.,1
SoD-Noun1,2.358a',0,(?),Piet was bij Peters overdracht door de bewakers aan de politie.,1
SoD-Noun1,2.373a,0,?,Op herten is de jacht gelukkig verboden.,0
SoD-Noun1,2.373a,0,?,Op de herten is de jacht gelukkig verboden.,0
SoD-Noun1,2.373a,0,?,Op deze herten is de jacht gelukkig verboden.,0
SoD-Noun1,2.376a,0,(?),Dit is de patiënt waarvan de zuster de behandeling goed bijhoudt.,0
SoD-Noun1,2.376b,0,?,Dit zijn de prijzen waarvan de uitreiking nu plaats vindt.,0
SoD-Noun1,2.376b',0,?,Van welke prijzen vindt de uitreiking  nu plaats?,0
SoD-Noun1,2.378a,0,?,Dat is het wild waarop we de jacht  willen verbieden.,1
SoD-Noun1,2.378b,0,?,Op welk wild willen we de jacht verbieden?,0
SoD-Noun1,2.379a,0,(?),Ik heb de aankomst bijgewoond van Sinterklaas.,0
SoD-Noun1,2.379b,0,?,Ik heb de behandeling gevolgd van deze patiënt.,0
SoD-Noun1,2.388b,0,?,Een luid geroep van “boe” klonk door de zaal.,0
SoD-Noun1,2.392b,0,?,Zij repeteren het toneelstuk elke dag.,0
SoD-Noun1,2.400a,0,?,Het gedoneer van grote bedragen door multinationals is onderzocht.,0
SoD-Noun1,2.406a,0,?,Het gekroon van mensen tot keizer is uit de tijd.,0
SoD-Noun1,2.413b,0,?,Het gedoneer ervan aan goede doelen moet gestimuleerd worden.,0
SoD-Noun1,2.416a,0,?,Van die patiënten heb ik het gewandel nauwlettend gadeslagen.,0
SoD-Noun1,2.420a,0,?,Piet lette op de patiënten van wie het gewandel nauwlettend werd gadegeslagen.,1
SoD-Noun1,2.420a',0,?,Van welke patiënten werd het gewandel nauwlettend gadegeslagen?,0
SoD-Noun1,2.422c,0,?,Men zou het gedoneer moeten stimuleren van dat soort bedragen.,0
SoD-Noun1,2.429c,0,?,Jans boosheid op Marie over die opmerking was buitensporig.,0
SoD-Noun1,2.457a,0,?,Dat is de jongen waarvan de verlegenheid zo opvalt.,1
SoD-Noun1,2.457a',0,?,Van welke jongen valt de verlegenheid het meest op?,0
SoD-Noun1,2.460a,0,?,Ik heb van die jongen de beleefdheid altijd zeer gewaardeerd.,0
SoD-Noun1,2.460a',0,?,Ik heb van die jongen zijn beleefdheid altijd zeer gewaardeerd.,0
SoD-Noun1,2.463d,0,?,Hij zag het geschilder van zijn zoon Titus door Rembrandt.,1
SoD-Noun1,2.488a,0,?,Jan heeft naar een voordracht geluisterd.,0
SoD-Noun1,2.508b,0,?,Dat is het schilderij van de Westertoren van Rembrandt van mijn broer.,1
SoD-Noun1,2.515b',0,?,Piet leest die boeken over taalkunde van Jan.,1
SoD-Noun1,2.516b',0,?,Piet leest die boeken van Chomsky van Jan.,1
SoD-Noun1,2.551a,0,?,Mijn eerste boek heb ik van Huizinga gelezen.,0
SoD-Noun1,2.566b,0,?,Dit schilderij is van de Westertoren.,0
SoD-Noun1,2.581b',0,?,Van de Amstel heb ik gisteren het onlangs beschadigde schilderij gezien.,0
SoD-Noun1,2.581b',0,?,Over Nixon heb ik de nieuwste film gezien.,0
SoD-Noun1,2.581b',0,?,Over Nixon heb ik de nieuwste film nog niet gezien.,0
SoD-Noun1,2.585a,0,(?),Van Rembrandti heb ik zijn laatste schilderij gezien.,0
SoD-Noun1,2.586a,0,(?),Van Oliver Stone heb ik zijn laatste film nog niet gezien.,0
SoD-Noun1,2.589b,0,?,Van de Amstel zijn nu al verschillende schilderijen beschadigd.,0
SoD-Noun1,2.596a',0,?,Dat is de jongen van wie ik een portret van Rembrandt heb gezien.,1
SoD-Noun1,2.598b,0,?,Ik heb een boek uit 1932 vertaald.,0
SoD-Noun1,2.598b,0,?,Ik heb een boek vertaald uit 1932.,0
SoD-Noun1,2.600a,0,?,Ik heb een boek vertaald van Jan.,0
SoD-Noun1,2.601a,0,?,Ik heb een schilderij van Rembrandt/van de Amstel gezien met een vergulde lijst.,0
SoD-Noun1,2.605b,0,(?),Ik heb een boek van Huizinga vertaald over Middeleeuwen.,0
SoD-Noun1,2.606a,0,?,Ik heb een schilderij gezien van Rembrandt van de Westertoren.,0
SoD-Noun1,2.607a,0,?,Ik heb een boek vertaald van Huizinga over de M.E..,0
SoD-Noun1,3.58a,0,?,Ik ben dat cadeautje voor mijn moeder nou toch nog vergeten.,0
SoD-Noun1,3.61b,0,?,Onze bloemen in de tuin doen het goed die in de kamer minder.,0
SoD-Noun1,3.61c,0,?,Mijn buurman met de BMW gaat morgen op vakantie.,0
SoD-Noun1,3.71a,0,?,"Een koekoeksklok, uit Zwitserland, loopt bijna altijd gelijk.",0
SoD-Noun1,3.109b,0,?,"Al wie aanwezig waren, werden ondervraagd.",0
SoD-Noun1,3.114b,0,?,Ik zal aan wie daar om gevraagd heeft een exemplaar toesturen.,0
SoD-Noun1,3.139a,0,?,Niets dat hij voorspelde kwam ooit uit.,0
SoD-Noun1,3.141c,0,?,Natuurlijk is wat hij doet goed.,0
SoD-Noun1,3.142b,0,?,Marie vertelde me dat wat hij doet lovenswaardig is.,0
SoD-Noun1,3.143c,0,?,Zij zal wat je daar zegt niet waarderen.,0
SoD-Noun1,3.145b,0,?,Ik denk dat zij wat je daar zegt niet zal waarderen.,0
SoD-Noun1,3.154c,0,(?),Er werden ons wat later waardeloze aandelen bleken te zijn verkocht.,0
SoD-Noun1,3.155a,0,(?),Jan zei dat hij wat later waardeloze aandelen bleken te zijn verkocht.,1
SoD-Noun1,3.167c,0,?,"Jan is al in Griekenland, wat ik ook wel zou willen zijn.",0
SoD-Noun1,3.224a,0,(?),De tijd toen men nog per koets reisde ligt ver achter ons.,0
SoD-Noun1,3.224b,0,?,De lente toen ik geboren werd was het ontzettend koud.,0
SoD-Noun1,3.225a,0,?,"Het jaar wanneer ik tachtig word, vergaat de wereld.",0
SoD-Noun1,3.234b,0,?,De maaltijd dat hij me ten huwelijk vroeg zal ik nooit vergeten.,0
SoD-Noun1,3.256a',0,?,"Een koekoeksklok, die uit Zwitserland afkomstig is, loopt altijd goed.",0
SoD-Noun1,3.276c,0,?,Zijn boek dat Gerard Reve gesigneerd heeft is veel ouder dan het mijne.,0
SoD-Noun1,3.296b,0,(?),Ik zei dat ik bewondering voor de man heb die dit mogelijk heeft gemaakt.,1
SoD-Noun1,3.296c,0,(?),Jan weet dat ik vreselijk boos op de man ben die naast mij woont.,1
SoD-Noun1,3.298a,0,(?),Dat heb ik met de man afgesproken die naast mij woont.,0
SoD-Noun1,3.298b,0,?,Moeder wil niet dat Jan in het huis speelt dat gesloopt wordt.,0
SoD-Noun1,3.298b',0,?,Moeder wil niet dat Jan speelt in het huis dat gesloopt wordt.,0
SoD-Noun1,3.298c,0,?,Ik wil dat voor de vergadering bespreken die straks plaats vindt.,0
SoD-Noun1,3.301b,0,?,Ik heb daarnet voor het eerst de man die een maand geleden naast mij is komen wonen ontmoet.,0
SoD-Noun1,3.303b,0,?,Ik heb gisteren een man die prachtig piano speelt ontmoet.,0
SoD-Noun1,3.316a,0,?,Hoeveel mensen die in vaste dienst zijn werken er?,0
SoD-Noun1,3.319a',0,(?),Hem heb ik niet eerder gezien die daar binnenkomt.,0
SoD-Noun1,3.319b',0,?,Hem willen we niet ontslaan die hier al tien jaar werkt.,0
SoD-Noun1,3.319c',0,?,Haar hebben ze een Oscar toegekend die de hoofdrol speelde.,0
SoD-Noun1,3.327c,0,?,"Hij heeft voor ons, die zo hard gewerkt hebben, niets teruggedaan.",0
SoD-Noun1,3.328a,0,?,"Ik vind dat ik, die ze ontslagen hebben, recht heb op een verklaring.",0
SoD-Noun1,3.337a,0,?,"Jan is een dwaas, die immers altijd doen wat ze gezegd wordt.",0
SoD-Noun1,3.337b,0,?,"Marie is een genie, die per definitie miskend worden.",0
SoD-Noun1,3.345b',0,?,"Jan zei dat er nu een pianist naast me woont, die prachtig speelt.",1
SoD-Noun1,3.345c',0,?,"Jan zei dat waarschijnlijk de pianist wordt gekozen, die prachtig speelt.",1
SoD-Noun1,3.347b,0,?,"Ik heb die leuke detective aan Jan gegeven, die ziek is.",0
SoD-Noun1,3.348b,0,?,"Ik heb naar Jan geluisterd, die mooi piano speelt.",0
SoD-Noun1,3.349c,0,?,"Ik heb het Jan gegeven, die ziek is.",0
SoD-Noun1,3.349d,0,?,"Die leuke detective heb Jan gegeven, die ziek is.",0
SoD-Noun1,3.359a,0,?,"Hij, die daar met Marie praat, heb ik nooit eerder gezien.",0
SoD-Noun1,3.365c,0,?,"Jan, die net vertrokken is, van wie ik geen adres heb , is onvindbaar.",0
SoD-Noun1,3.365d,0,?,"In het noorden, dat onbewoond is, waar weinig toeristen komen, is de natuur nog ongerept.",0
SoD-Noun1,3.380a,0,?,Jan speelt de preludes en de etudes die hij onlangs gecomponeerd heeft.,0
SoD-Noun1,3.380b,0,?,"De jongens en de meisjes die te laat komen, krijgen straf.",0
SoD-Noun1,3.383a,0,?,Jan zal de preludes en de etudes spelen die hij onlangs gecomponeerd heeft.,0
SoD-Noun1,3.402b',0,?,"De mannen en jongens die te laat komen, worden niet toegelaten.",0
SoD-Noun1,3.424a,0,?,"Ik ken een regisseur en acteur, die bovendien scenario’s schrijft.",0
SoD-Noun1,3.429a,0,?,"Ik heb een regisseur en acteur ontmoet, die een Oscar heeft gekregen.",0
SoD-Noun1,3.346a,0,?,"Ik zoek een vriendje en kameraad, die dezelfde hobby heeft als ik.",0
SoD-Noun1,3.447b,0,?,"Elke leerling en elke leraar die te laat kwam, werd gestraft.",0
SoD-Noun1,3.450c,0,?,"Enkele vrouwen, die te laat kwamen, werden niet toegelaten.",0
SoD-Noun1,3.459a,0,?,"De jongens of de meisjes die te laat komen, worden gestraft.",0
SoD-Noun1,3.459b,0,?,"We mogen de katten of de honden die niet veel overlast geven, houden.",0
SoD-Noun1,3.465a',0,?,"Studenten of scholieren, die weinig geld hebben, krijgen korting.",0
SoD-Noun1,3.465b',0,?,"We mogen honden of katten, die niet veel overlast geven houden.",0
SoD-Noun1,3.481a,0,?,"De studenten of de scholieren, die weinig geld hebben, krijgen korting.",0
SoD-Noun1,3.503a,0,?,"De mannen of de jongen die we niet kenden, liet hij niet binnen.",0
SoD-Noun1,3.503b,0,?,"Twee mannen of een jongen die we niet kenden, liet hij niet binnen.",0
SoD-Noun1,3.504a',0,?,"Twee mannen of een jongen, die te laat kwamen/kwam, liet hij niet binnen.",0
SoD-Noun1,3.504b',0,?,"Twee mannen of een jongen, die we niet kenden, liet hij niet binnen.",0
SoD-Noun1,3.504c,0,?,"Twee mannen of de jongen, die we niet kenden, liet hij niet binnen.",0
SoD-Noun1,3.511b,0,?,"Zo’n machine, om hout mee te schuren, is vrij goedkoop.",0
SoD-Noun1,3.527a,0,?,"Deze kasten, om zelf in elkaar te zetten, zijn niet duur.",0
SoD-Noun1,3.527b,0,?,"Dit cadeau, om aan Marie te geven, heb ik in Londen gekocht.",0
SoD-Noun1,3.527c,0,?,"Zo’n machine, om hout mee te schuren, is goedkoop.",0
SoD-Noun1,3.539a,0,(?),We hebben de nieuwe software aangeschaft om het probleem op te lossen.,0
SoD-Noun1,3.547a,0,?,Rekeningen door ons te betalen moeten eerst gecontroleerd worden.,0
SoD-Noun1,3.547b,0,?,De rekeningen te betalen voor de 15e heb ik apart gelegd.,0
SoD-Noun1,3.550a,0,?,Een olifant hongerig en kwaad kan veel schade aanrichten.,0
SoD-Noun1,3.556d',0,?,Reizigers op de trein naar Breda wachtend krijgen vertraging.,0
SoD-Noun1,3.576b,0,?,Mensen van daar zijn bijna allemaal erg arm.,0
SoD-Noun1,3.579a,0,?,"De protesten nadat het nieuws bekend werd, waren tevergeefs.",0
SoD-Noun1,3.579b,0,?,"De protesten omdat we over moesten werken, waren tevergeefs.",0
SoD-Noun1,1.52a,0,?,In de wei stond een kudde schapen.,0
SoD-Noun1,1.52b,0,?,In de wei stonden twee kuddes schapen.,0
SoD-Noun1,1.52b,0,?,In de wei stonden enkele kuddes schapen.,0
SoD-Noun1,1.52b,0,?,In de wei stonden een aantal kuddes schapen.,0
SoD-Noun1,1.58b,0,?,Geef mij een theetje.,1
SoD-Noun1,1.68b,0,?,Veel bos is goed voor het milieu.,0
SoD-Noun1,1.113b,0,?,Dit zeilen begint me aardig te vervelen.,0
SoD-Noun1,1.113c,0,?,Zijn zeilen kost hem veel geld.,0
SoD-Noun1,1.118b,0,?,Verzamelen van postzegels is een onschuldig tijdverdrijf.,0
SoD-Noun1,1.119a,0,?,Het postzegels verzamelen is een onschuldig tijdverdrijf.,0
SoD-Noun1,1.122a,0,?,Peters postzegels verzamelen is een onschuldig tijdverdrijf.,0
SoD-Noun1,1.122b,0,?,Peters verzamelen van postzegels is een onschuldig tijdverdrijf.,0
SoD-Noun1,1.123a,0,?,Het postzegels verzamelen van Peter is een onschuldig tijdverdrijf.,0
SoD-Noun1,1.127b',0,?,Het op groot wild jagen is een populair tijdverdrijf.,0
SoD-Noun1,1.129a,0,(?),Jans zich voortdurend bedrinken is ziekelijk.,0
SoD-Noun1,1.129b,0,(?),Het zich voortdurend bedrinken van Jan is ziekelijk.,0
SoD-Noun1,1.129b,0,(?),Het zich voortdurend bedrinken door Jan is ziekelijk.,0
SoD-Noun1,1.130b,0,?,Het voortdurend bedrinken van zich zelf van Jan is ziekelijk.,0
SoD-Noun1,1.130b,0,?,Het voortdurend bedrinken van zich zelf door Jan is ziekelijk.,0
SoD-Noun1,1.130c,0,?,Het voortdurend bedrinken van je zelf is ongezond.,0
SoD-Noun1,1.143a,0,?,De verhogingen van de prijzen veroorzaakten paniek.,0
SoD-Noun1,1.143a,0,?,De dalingen van de prijzen veroorzaakten paniek.,0
SoD-Noun1,1.154a,0,?,Jan aarzelde erover om de beslissing te nemen.,0
SoD-Noun1,1.154a',0,?,Jan aarzelde over de beslissing.,0
SoD-Noun1,1.162b',0,?,Het gebak van deze taartjes duurde lang.,0
SoD-Noun1,1.169a,0,?,Luid gepraat over politiek in niet leuk.,1
SoD-Noun1,1.169a',0,?,Oeverloos gepraat over politiek houdt niet op.,1
SoD-Noun1,1.177a,0,?,Het gesterf van varkens kan niet.,1
SoD-Noun1,1.184a,0,?,Ik ben moe van dat geschaam.,0
SoD-Noun1,1.192a,0,(?),Deze wasverzachter verzacht mijn lakens.,0
SoD-Noun1,1.192b,0,(?),De pijnstiller stilt de pijn in mijn hoofd.,0
SoD-Noun1,2.463d,0,?,Het geschilder van zijn zoon Titus door Rembrandt gaat langzaam.,1
SoD-Noun1,2.464c,0,?,Rembrandts schilderen van zijn zoon Titus is bekend.,1
SoD-Noun1,2.464c,0,?,Rembrandts herhaaldelijk schilderen van zijn zoon Titus is bekend.,1
SoD-Noun1,2.495b,0,?,Jan schreef een verhaal over ’mzelf.,0
SoD-Adj,3.205a,0,?,Jan is voldoende deskundig voor die baan.,0
SoD-Adj,3.213a,0,?,Els bleek voldoende voor de training aangesterkt.,0
SoD-Adj,3.213b,0,?,De soep bleek voldoende voor directe consumptie afgekoeld.,0
SoD-Adj,3.214a,0,?,Zij is de voldoende voor de training aangesterkte turnster.,1
SoD-Adj,3.214b,0,?,Dat is de voldoende voor directe consumptie afgekoelde soep.,0
SoD-Adj,3.218a,0,?,Jan is genoeg onderlegd in wiskunde voor die opdracht.,0
SoD-Adj,3.218b,0,?,Jan is genoeg bekend met het onderwerp voor die opdracht.,0
SoD-Adj,3.219b,0,?,Jan is meer dan oud genoeg om naar de disco te gaan.,0
SoD-Adj,3.243c',0,?,De operatie duurt twee uur lang.,0
SoD-Adj,3.245c,0,?,Mijn kat is vier kilo zwaar.,0
SoD-Adj,3.269a',0,?,Kinderlijk is dit gedrag bijna.,0
SoD-Adj,3.286a,0,?,Jan is niet afgrijselijk aardig.,0
SoD-Adj,3.319a,0,?,Jan is vrij bang voor honden en ik ben het zelfs zeer.,0
SoD-Adj,3.319b,0,?,Jan is vrij bang voor honden en ik ben het zeer voor spinnen.,0
SoD-Adj,3.327c,0,?,Jan is vrij bang voor honden maar ik ben het amper.,0
SoD-Adj,3.327c,0,?,Jan is vrij bang voor honden en ik ben het amper.,0
SoD-Adj,3.333a,0,?,Hoe groot is Jan van gestalte?,0
SoD-Adj,3.333a',0,?,Hoe traag is Jan van begrip?,0
SoD-Adj,4.33a,0,?,Dat is een gedegener opleiding.,1
SoD-Adj,4.33b,0,?,Dat is de gedegenste opleiding.,1
SoD-Adj,4.33c,0,?,Dat is een verlegener jongen.,1
SoD-Adj,4.41b,0,?,Dat is de het meest gewaardeerde foto.,0
SoD-Adj,4.43c,0,?,Hij is de het best opgeleide jongen.,0
SoD-Adj,4.46a,0,?,Hij is de het hardst lopende jongen.,1
SoD-Adj,4.46a,0,?,Hij is de het minst hard lopende jongen.,1
SoD-Adj,4.46b,0,?,Dat is de het gladst gestreken broek.,1
SoD-Adj,4.46b,0,?,Dat is de het minst glad gestreken broek.,1
SoD-Adj,4.81b,0,?,Jan verdient meer geld dan 100 Euro.,0
SoD-Adj,4.84b,0,?,Jan verdient evenveel geld als 100 Euro.,0
SoD-Adj,4.120b,0,?,De ficus was korter dan het plafond hoog.,0
SoD-Adj,4.126a,0,?,Zij is de intelligentere vrouw van de twee.,1
SoD-Adj,4.126a',0,?,Zij is de intelligentste vrouw van de twee.,1
SoD-Adj,4.130a,0,?,Dat is het gladst gestreken broek.,1
SoD-Adj,4.130a,0,?,Dat is het minst glad gestreken broek.,1
SoD-Adj,4.137a,0,?,Hij is het hardst hard lopende jongen.,1
SoD-Adj,4.137a,0,?,Hij is het minst hard lopende jongen.,1
SoD-Adj,4.150a',0,?,Hij is enigszins minder duidelijk.,1
SoD-Adj,4.151a',0,?,Jan is beduidend te groot.,0
SoD-Adj,4.151a',0,?,Jan is zichtbaar te groot.,0
SoD-Adj,3.183a,0,?,Te zout voor mij is die soep niet.,0
SoD-Adj,3.183b',0,(?),Te zout is die soep mij niet.,0
SoD-Adp,5.19b',0,(?),"Mijn echtgenoot, ik ben er dol op.",0
SoD-Adp,5.20a',0,?,"Die jongen, ik ben er dol op.",0
SoD-Adp,5.23b',0,(?),"Mijn dochters, ik ben er dol op.",0
SoD-Adp,5.24a',0,?,"Die jongens, ik ben er dol op.",0
SoD-Adp,5.25a,0,?,"Jongens, ik ben dol op ze.",0
SoD-Adp,5.26a',0,(?),"Die kinderen, ik ben er dol op.",0
SoD-Adp,5.26b',0,(?),"Die meisjes, ik ben er dol op.",0
SoD-Adp,5.27a,0,?,"Die jongens, ik ben daar dol op.",0
SoD-Adp,5.29b,0,(?),Daar staat de jongen waarop ik wacht.,1
SoD-Adp,5.31b,0,?,Waarop wacht je?,0
SoD-Adj,5.142a,0,?,De perfiden onder ons zullen zeggen dat hij gek is.,1
SoD-Adj,5.169a,0,?,Dat zijn de Nederlandse en Belgische afgevaardigden.,1
SoD-Adj,5.170a,0,?,Dat is de Nederlandse en Belgische afvaardiging.,1
SoD-Adj,6.34a',0,?,Jan verft zo dat de deur groen wordt.,0
SoD-Adj,6.111c'' ,0,?,Dat is de zijn sleutels kwijt zijnde jongen.,1
SoD-Adj,6.121a',0,?,Dronken verschijnen er haar altijd roze olifantjes.,0
SoD-Adj,6.121a',0,?,Dronken verschijnen er Marie altijd roze olifantjes.,0
SoD-Adj,6.121b,0,?,Er zijn Peter dronken nog nooit ongelukken overkomen.,0
SoD-Adj,6.121b,0,?,Er zijn hem dronken nog nooit ongelukken overkomen.,0
SoD-Adj,6.121c,0,?,De argumenten van de dokter bevallen mij ziek altijd beter.,0
SoD-Adj,6.142b,0,?,Het is een feit dat Jan de overhemden altijd opgewekt nat glad strijkt.,1
SoD-Adj,6.167a,0,?,Hij heeft razend over straat gelopen.,0
SoD-Adj,6.167a,0,(?),Hij heeft vrolijk over straat gelopen.,0
SoD-Adj,6.168b,0,?,Jan wachtte ongerust.,0
SoD-Adj,6.170a,0,?,"De man, verliefd, kocht bloemen.",0
SoD-Adj,6.171a',0,?,"Het meisje, blij, nam de prijs in ontvangst.",0
SoD-Adj,6.171b',0,?,"Er lag een jas, vies, op de grond.",0
SoD-Adj,6.179c,0,?,"De jongen, er ziek van dat jij steeds zeurt, snap ik heel goed.",1
SoD-Adj,6.219b',0,?,Onduidelijk of Jan de baan zal krijgen is het nog steeds.,0
SoD-Adj,6.223c,0,?,Zijn vertrek is mogelijk.,0
SoD-Adj,6.223c,0,?,Zijn vertrek is zeker.,0
SoD-Adj,6.273c,0,?,Dit boek werd zonder te lezen opgeborgen.,0
SoD-Adj,6.286c,0,?,Gezellig om te wonen is het in Amsterdam niet.,0
SoD-Adj,7.8b,0,?,Hij zegt dat dit iets voor dit karwei geschikts is.,1
SoD-Adj,7.26b,0,?,Dat is iets te leuks om waar te zijn.,1
SoD-Adj,7.28a,0,?,Hij heeft iets vaags al zijn geld geschonken.,0
SoD-Adj,7.28b,0,?,Hij heeft al zijn geld aan iets liefdadigs geschonken.,0
SoD-Adj,7.60d,0,?,Er zit iets zwangers in Maries manier van lopen.,0
SoD-Adj,7.61c,0,?,Maries manier van lopen heeft iets zwangers.,0
SoD-Adj,7.82b ,0,?,De regen is iets plaatselijks.,1
SoD-Adj,7.84b,0,?,Deze opvatting is typisch kapitalistisch.,0
SoD-Adj,7.93c,0,?,Deze maatregel is iets puur administratiefs.,0
SoD-Adj,7.95b',0,?,Deze plek is hemels.,0
SoD-Adj,7.105a,0,?,De plank is drie cm breed.,1
SoD-Adj,7.105b,0,?,De plank is twee meter hoog.,1
SoD-Adj,7.105c,0,?,De boom is honderd jaar oud.,1
SoD-Adj,7.111a,0,(?),Hij wilde iets even leuks als de vorige keer doen.,0
SoD-Adj,7.112a,0,(?),Hij wilde iets leukers dan de vorige keer doen.,0
SoD-Adj,7.112b,0,(?),Hij wilde iets interessanters dan die saaie lezing horen.,0
SoD-Adj,7.112c,0,(?),Hij wilde iets minder moeilijks dan de vorige keer doen.,0
SoD-Adj,7.117a',0,(?),Het is een feit dat ik rennen iets te vermoeiends vind om te doen.,1
SoD-Adj,7.117b',0,(?),Hij kwam erachter dat hij iets te kleins kocht om te gebruiken.,1
SoD-Adj,7.118a',0,(?),Het is erg dat ik iets zo saais moet doen dat ik ervan in slaap val.,1
SoD-Adj,7.118b',0,(?),Het klopt dat ik iets zo lelijks aangeboden kreeg dat ik het heb geweigerd.,1
SoD-Adj,7.120a,0,(?),Het is erg dat ik zo iets saais moet doen dat ik ervan in slaap val.,1
SoD-Adj,7.120b,0,(?),Het klopt dat ik zo iets lelijks aangeboden kreeg dat ik het heb geweigerd.,1
SoD-Adj,7.125a,0,(?),We hebben over iets gepraat.,0
SoD-Adj,7.125a,0,(?),We hebben over niets gepraat.,0
SoD-Adj,8.58a',0,?,Jan lacht en hij doet dat altijd.,0
SoD-Adj,8.58a',0,?,Jan lacht en hij doet dat dikwijls.,0
SoD-Adj,8.94a'' ,0,?,Echt een held is Jan.,0
SoD-Adj,8.95,0,?,Jan raakte de bal op de precies goede plek.,0
SoD-Adj,9.22a,0,(?),Hij is een altijd gelijk hebbende jongen.,1
SoD-Adj,9.22b,0,(?),Hij is een altijd gelijk krijgende jongen.,1
SoD-Adj,9.24b,0,?,Het de jongen gegeven boek ligt daar.,1
SoD-Adj,9.40a,0,?,Daar zijn de een goed loon betaalde werknemers.,1
SoD-Adj,9.40b,0,?,Dat is de pinda’s gevoerde aap.,1
SoD-Adj,9.41,0,?,Daar is de een groot bedrag aangeboden directeur.,1
SoD-Adj,9.47a,0,(?),Daar is een naar Rome gegaan echtpaar.,1
SoD-Adj,9.68a',0,?,De goed bevallende vakantie doen we nog een keer.,1
SoD-Adj,9.68b',0,?,De ontbrekende moed kost ons de winst.,1
SoD-Adj,9.80a,0,?,"Jan, zijn trein gemist hebbende, besloot een kopje koffie te gaan drinken.",0
SoD-Adj,9.80b,0,?,"Het meisje, een uur gewacht hebbende, ging teleurgesteld naar huis terug.",0
SoD-Adj,9.123b,0,?,Hij vindt dat een bekorend schilderij daar hangt.,1
SoD-Adj,9.126a,0,?,Er is hier niet te werken.,0
SoD-Adj,9.140a,0,?,Jan kwam een vrolijk deuntje fluitend binnen.,0
SoD-Adj,9.173a',0,?,Hoe goed opgeleid is deze jongen?,0
SoD-Adj,9.173b',0,?,Hoe zwaar gehandicapt is Jan?,0
SoD-Adj,9.173b',0,?,Hoe zwaar behaard is Jan?,0
SoD-Adj,9.173c',0,?,Hoe goed verstaanbaar is Jan?,0
SoD-Adj,10.4c,0,?,Doe niet zo gewoon de anderen zijn al saai genoeg!,0
SoD-Adj,10.4c,0,?,Doe niet zo normaal de anderen zijn al saai genoeg!,0
SoD-Adj,10.26c,0,?,Marie heeft zo’n jurk in het gestreept.,0
SoD-Adj,10.26c,0,?,Marie heeft zo’n jurk in het geblokt.,0
SoD-Adj,10.27c,0,?,Marie heeft zo’n jurk kort.,0
SoD-Adj,1.88b,0,?,Is hij een beetje onaardig?,0
SoD-Adj,1.115a,0,?,Dat is een rijkelijke maaltijd.,1
SoD-Adj,1.126a,0,?,Deze duinen zijn typisch Nederlands.,0
SoD-Adj,1.126d,0,?,Deze onderdrukking is typisch Nederlands.,0
SoD-Adj,1.127a,0,?,Deze duinen zijn onnederlands.,0
SoD-Adj,1.127a,0,?,Deze duinen zijn erg onnederlands.,0
SoD-Adj,1.127d,0,?,Deze onderdrukking is onnederlands.,0
SoD-Adj,1.127d,0,?,Deze onderdrukking is erg onnederlands.,0
SoD-Adj,1.130b,0,?,Dit denkbeeld is communistisch.,0
SoD-Adj,1.130b,0,?,Dit denkbeeld is typisch communistisch.,0
SoD-Adj,1.160c',0,?,De onderwerping was volledig.,0
SoD-Adj,1.164c',0,?,Die auto is snel.,0
SoD-Adj,1.166a',0,?,Onze vriendschap is oud.,0
SoD-Adj,2.19a,0,?,Niet uitgenodigd te zijn daar is Jan boos over.,0
SoD-Adj,2.19b,0,?,Uitgenodigd te zijn daar is Jan tevreden over.,0
SoD-Adj,2.19c,0,?,Niet te mogen komen daar is Jan verontwaardigd over.,0
SoD-Adj,2.25a,0,?,Tamelijk jong voor de disco is Jan niet.,0
SoD-Adj,2.31a,0,?,Ik acht Jan het Frans machtig.,0
SoD-Adj,2.33b',0,?,Jan is moe van die opera.,0
SoD-Adj,2.33b',0,?,Jan is zat van die opera.,0
SoD-Adj,2.36a',0,?,Het probleem is duidelijk voor me.,0
SoD-Adj,2.36a',0,?,Het probleem is helder voor me.,0
SoD-Adj,2.48b',0,?,Om steeds te moeten dansen dat ben ik moe.,0
SoD-Adj,2.48b',0,?,Om steeds te moeten dansen dat ben ik zat.,0
SoD-Adj,2.48b',0,?,Om steeds te moeten dansen dat ben ik beu.,0
SoD-Adj,2.49b,0,?,Ik ben er moe van dat jij steeds zeurt.,0
SoD-Adj,2.49b,0,?,Ik ben er zat van dat jij steeds zeurt.,0
SoD-Adj,2.49b,0,?,Ik ben er beu van dat jij steeds zeurt.,0
SoD-Adj,2.49b',0,?,Ik ben er moe van om steeds te moeten dansen.,0
SoD-Adj,2.49b',0,?,Ik ben er zat van om steeds te moeten dansen.,0
SoD-Adj,2.49b',0,?,Ik ben er beu van om steeds te moeten dansen.,0
SoD-Adj,2.92a,0,?,Hij is zeker het Frans machtig.,0
SoD-Adj,2.92b,0,?,Hij zal zeker deze opera zat worden.,0
SoD-Adj,3.13a,0,?,Dat boek is niet heel goed.,0
SoD-Adj,3.13f',0,?,De deken is niet zeer zacht.,0
SoD-Adj,3.76a,0,(?),Erg druk is Jan niet bezig.,0
SoD-Adj,3.76c,0,(?),Heel hard hebben we die nieuwe computer niet nodig.,0
SoD-Adj,3.106a',0,?,Wàt ráár loop jij!,0
SoD-Adj,3.106b',0,?,Wàt hárd werk jij!,0
SoD-Adj,3.112a'',0,?,Wàt afgrijselijk lelijk is dat gebouw!,0
SoD-Adj,3.112b'',0,?,Wàt opmerkelijk mooi is dat boek!,0
SoD-Adj,3.148b,0,?,Het schijnt dat die pinda’s niet te eten zo zout zijn.,1
SoD-Adj,3.154a,0,(?),Jan is als een beer zo sterk.,0
SoD-Adj,3.154b,0,(?),Jan is als een paard zo hongerig.,0
SoD-Adj,3.154c,0,(?),Jan is als Croesus zo rijk.,0
SoD-Adj,3.154d,0,(?),Janisalseengarnaalzostoned.,0
SoD-Adj,3.155a,0,?,Jan is zeker als een beer zo sterk.,0
SoD-Adj,3.155b,0,?,Jan is zeker als een paard zo hongerig.,0
SoD-Adj,3.155c,0,?,Jan is zeker als Croesus zo rijk.,0
SoD-Adj,3.155d,0,?,Jan is zeker als een garnaal zo stoned.,0
SoD-Adj,3.156a',0,(?),Als een beer zo sterk is Jan.,0
SoD-Adj,3.156b',0,(?),Als een paard zo hongerig is Jan.,0
SoD-Adj,3.156c',0,(?),Als Croesus zo rijk is Jan.,0
SoD-Adj,3.156d',0,(?),Als een garnaal zo stoned zijn we.,0
SoD-Adj,3.157c,0,?,Jan is rijk als Croesus.,0
SoD-Adj,3.161a,0,(?),Dat is een als een beer zo sterke jongen.,1
SoD-Adj,3.161b,0,(?),Dat is een als een paard zo hongerige jongen.,1
SoD-Adj,3.161c,0,(?),Dat is een als Croesus zo rijke man.,1
SoD-Adj,4.169a'',0,?,De beste student is Jan waarschijnlijk op Peter na.,0
SoD-Adj,4.169b',0,?,Het schijnt dat Jan de beste student is op Peter na.,1
SoD-Adj,5.16a,0,?,Dat is een plastice beker.,1
SoD-Adj,5.16a,0,?,Dat is een plasticen beker.,1
SoD-Adj,5.16b,0,?,Dat is een plastice mes.,1
SoD-Adj,5.16b,0,?,Dat is een plasticen mes.,1
SoD-Adj,5.35b,0,?,Dat is de waarnemende burgemeester.,1
SoD-Adj,5.57b,0,?,Dat zijn weinige problemen.,1
SoD-Adj,5.70a,0,?,Dat is ons lief kind.,1
SoD-Adj,5.77b',0,?,Dat is het de directeur bekende probleem.,1
SoD-Adj,5.79a,0,?,Dat is de Peter gehoorzame hond.,1
SoD-Adj,5.79a',0,(?),Dat is de aan hem gehoorzame hond.,1
SoD-Adj,5.79b,0,?,Dat is de Peter trouwe hond.,1
SoD-Adj,5.79b',0,(?),Dat is de aan hem trouwe hond.,1
SoD-Adj,5.80a,0,?,Dat is een Peter te moeilijk boek.,1
SoD-Adj,5.80b,0,?,Dat is een Peter te koud zwembad.,1
SoD-Adj,5.81a,0,?,Dat is de het probleem bewuste jongen.,1
SoD-Adj,5.81a,0,?,Dat is de zich het probleem bewuste jongen.,1
SoD-Adj,5.81e,0,?,Dat is het de Franse taal machtige meisje.,1
SoD-Adj,5.82a,0,?,Dat is de van het probleem bewuste jongen.,1
SoD-Adj,5.82a,0,?,Dat is de zich van het probleem bewuste jongen.,1
SoD-Adj,5.90a,0,(?),Dat is de op zijn kinderen trotse man.,1
SoD-Adj,5.90b,0,(?),Dat is de over het resultaat tevreden jongen.,1
SoD-Adj,5.90c,0,(?),Dat is het voor de hond bange meisje.,1
SoD-Adj,5.91a,0,(?),Dat is de op zijn kinderen erg trotse man.,1
SoD-Adj,5.91b,0,(?),Dat is de over het resultaat erg tevreden jongen.,1
SoD-Adj,5.91c,0,(?),Dat is het voor de hond erg bange meisje.,1
SoD-Adj,5.92a,0,?,Dat is de op zijn kinderen altijd trotse man.,1
SoD-Adj,5.92b,0,?,Dat is de over het resultaat voortdurend tevreden jongen.,1
SoD-Adj,5.92c,0,?,Dat is het voor de hond nog steeds bange meisje.,1
SoD-Noun2,6.25a,0,?,Je moet de staaf vier seconden in de vloeistof houden.,0
SoD-Noun2,6.25c,0,?,Ik zit al drie uren op je te wachten.,0
SoD-Noun2,6.34a,0,?,Ik heb dat boek drie keren gelezen.,0
SoD-Noun2,6.95a,0,?,Iedere tien bezoekers krijgen een cadeautje.,0
SoD-Noun2,6.95a,0,?,Elke tien bezoekers krijgen een cadeautje.,0
SoD-Noun2,6.99c,0,?,Iedere zebra is gestreept.,0
SoD-Noun2,6.99c,0,?,Elke zebra is gestreept.,0
SoD-Noun2,6.106a,0,?,Elk van ons weet dat de voorzitter geroyeerd is.,0
SoD-Noun2,6.108b,0,?,De studenten kregen allen honderd euro.,0
SoD-Noun2,6.109b,0,?,De studenten kwamen allen bij elkaar.,0
SoD-Noun2,6.128b,0,?,Er werd menig staker ontslagen.,0
SoD-Noun2,6.151a',0,?,Jan leest de weinige boeken.,1
SoD-Noun2,6.151b',0,?,Jan leest weinige boeken.,1
SoD-Noun2,6.158b,0,?,Hij heeft meer dan zat boeken.,0
SoD-Noun2,6.184a',0,?,Hij vertrouwt Marie weinig.,0
SoD-Noun2,7.17a,0,(?),Al de ellende is ongewenst.,1
SoD-Noun2,7.17a,0,(?),Al die ellende is ongewenst.,1
SoD-Noun2,7.17a,0,(?),Al deze ellende is ongewenst.,1
SoD-Noun2,7.17a,0,(?),Al zijn ellende is ongewenst.,1
SoD-Noun2,7.17b,0,(?),Al de verdriet is ongewenst.,1
SoD-Noun2,7.17b,0,(?),Al die verdriet is ongewenst.,1
SoD-Noun2,7.17b,0,(?),Al deze verdriet is ongewenst.,1
SoD-Noun2,7.17b,0,(?),Al zijn verdriet is ongewenst.,1
SoD-Noun2,7.25c,0,?,"Ik ken wel al deze mannen, maar niet al die.",0
SoD-Noun2,7.27a,0,?,Al mijn man z’n boeken zijn kwijt.,1
SoD-Noun2,7.35a,0,?,Dat zijn al de vele mensen in de zaal.,1
SoD-Noun2,7.35b,0,?,Dat is al het vele water in de vijver.,1
SoD-Noun2,7.45c,0,?,Dat zijn alle twee deze mannen.,1
SoD-Noun2,7.45c,0,?,Dat zijn allebei deze mannen.,1
SoD-Noun2,7.45c,0,?,Dat zijn alle twee deze huizen.,1
SoD-Noun2,7.45c,0,?,Dat zijn allebei deze huizen.,1
SoD-Noun2,7.46a,0,(?),"Ik ken wel alle tien deze mannen, maar niet alle tien die mannen.",0
SoD-Noun2,7.46b,0,?,"Ik ken wel allebei deze mannen, maar niet allebei die mannen.",0
SoD-Noun2,7.47b,0,?,Jan leest alle tien onze boeken.,1
SoD-Noun2,7.47b,0,?,Jan leest alle tien hun boeken.,1
SoD-Noun2,7.47b,0,?,Jan leest allebei onze boeken.,1
SoD-Noun2,7.47b,0,?,Jan leest allebei hun boeken.,1
SoD-Noun2,7.65a,0,?,"Ik ken wel déze beide mannen, maar niet dié beide mannen.",0
SoD-Noun2,7.65b,0,?,"Ik ken wel déze, maar niet dié beide mannen.",0
SoD-Noun2,7.71a,0,?,Dat is alle slim geknoei in de handel.,1
SoD-Noun2,7.80c',0,?,Zij zijn alle beurspromovendi van onze vakgroep.,0
SoD-Noun2,7.83a,0,?,Hij zat alle twee die uren niks te doen.,0
SoD-Noun2,7.83a,0,?,Hij zat alle twee die dagen niks te doen.,0
SoD-Noun2,7.83a,0,?,Hij zat alle twee die jaren niks te doen.,0
SoD-Noun2,7.83a,0,?,Hij zat allebei die uren niks te doen.,0
SoD-Noun2,7.83a,0,?,Hij zat allebei die dagen niks te doen.,0
SoD-Noun2,7.83a,0,?,Hij zat allebei die jaren niks te doen.,0
SoD-Noun2,7.83c,0,?,Hij zat beide uren niks te doen.,0
SoD-Noun2,7.91b,0,?,Ik heb alle twee reeds een uitnodiging gestuurd.,0
SoD-Noun2,7.91b,0,?,Ik heb allebei reeds een uitnodiging gestuurd.,0
SoD-Noun2,7.92b,0,?,Ik heb alle twee net een plaats gegeven.,0
SoD-Noun2,7.92b,0,?,Ik heb allebei net een plaats gegeven.,0
SoD-Noun2,7.96a,0,?,Ik heb reeds een uitnodiging aan alle twee gestuurd.,0
SoD-Noun2,7.96a,0,?,Ik heb reeds een uitnodiging aan allebei gestuurd.,0
SoD-Noun2,7.96b,0,?,Ik heb net een plaats aan alle twee gegeven.,0
SoD-Noun2,7.96b,0,?,Ik heb net een plaats aan allebei gegeven.,0
SoD-Noun2,7.101a,0,?,Hij liep tegen iets aan.,0
SoD-Noun2,7.123b,0,?,Dat is allemaal gewerk.,1
SoD-Noun2,7.125b,0,?,Dat is allerlei wijn.,1
SoD-Noun2,7.125b,0,?,Dat is allerlei fruit.,1
SoD-Noun2,7.128b,0,?,Allemaal ellende is dat!,0
SoD-Noun2,7.128b,0,?,Allemaal onzin is dat!,0
SoD-Noun2,7.137d,0,?,Hij heeft een uitnodiging aan allemaal gestuurd.,0
SoD-Noun2,7.143b,0,?,Allemaal heeft hij hen gisteren uitgenodigd.,0
SoD-Noun2,7.143b,0,?,Allemaal heeft hij die mensen gisteren uitgenodigd.,0
SoD-Noun2,7.143c,0,?,Allemaal heeft hij hun gisteren een uitnodiging gestuurd.,0
SoD-Noun2,7.143c,0,?,Allemaal heeft hij die mensen gisteren een uitnodiging gestuurd.,0
SoD-Noun2,7.153a,0,?,Hij heeft een uitnodiging aan die mensen allemaal gestuurd.,0
SoD-Noun2,7.154a,0,?,Hij heeft aan die mensen allemaal een uitnodiging gestuurd.,0
SoD-Noun2,7.154c,0,?,Hij heeft aan die mensen gisteren allemaal een uitnodiging gestuurd.,0
SoD-Noun2,7.154c,0,(?),Hij heeft aan hen gisteren allemaal een uitnodiging gestuurd.,0
SoD-Noun2,7.154d,0,(?),Aan die mensen heeft hij gisteren allemaal een uitnodiging gestuurd.,0
SoD-Noun2,7.154d,0,(?),Aan hen heeft hij gisteren allemaal een uitnodiging gestuurd.,0
SoD-Noun2,7.155a,0,(?),Dat zijn de mensen waar hij gisteren allemaal een uitnodiging aan stuurde.,0
SoD-Noun2,7.155b,0,?,Dat zijn de voorstellen waar hij gisteren allemaal zijn fiat aan gaf.,0
SoD-Noun2,7.164b,0,?,Heel de man zat onder de schrammen.,0
SoD-Noun2,7.171a,0,?,Heel het kantoorgebouw behalve de begane grond is verhuurd.,0
SoD-Noun2,7.171b,0,?,Heel de Veiligheidsraad behalve China stemde voor de resolutie.,0
SoD-Noun2,7.175a,0,(?),Ik ken heel die vent niet.,0
SoD-Noun2,7.175b,0,(?),Ik was heel die toestand alweer vergeten.,0
SoD-Noun2,7.217,0,(?),Die hele Bert Mulder was door iedereen allang weer vergeten.,0
SoD-Noun2,7.218a,0,(?),Gisteren was die hele Bert Mulder nog niet eens vertrokken.,0
SoD-Noun2,7.218b,0,(?),Dat hele Macbeth kan me echt niet bekoren.,0
SoD-Noun2,7.220b,0,?,Ik ken dit hele mens niet.,0
SoD-Noun2,7.220b,0,?,Ik ken dit hele wijf niet.,0
SoD-Noun2,7.220b,0,?,Ik ken het hele vrouwtje niet.,0
SoD-Noun2,7.232a,0,?,Dat is heel de ellende.,1
SoD-Noun2,7.232b,0,?,Dat is heel het verdriet dat ik heb meegemaakt.,1
SoD-Noun2,7.234c,0,?,Dat is heel dat ondraaglijke lijden.,1
SoD-Noun2,7.234c,0,?,Dat is heel dat uitputtende lijden.,1
SoD-Noun2,7.235a,0,(?),Dat is heel die stad.,1
SoD-Noun2,7.235a,0,?,Dat is heel deze stad.,1
SoD-Noun2,7.235b,0,(?),Dat is heel dat huis.,1
SoD-Noun2,7.235b,0,?,Dat is heel dit huis.,1
SoD-Noun2,7.237c,0,?,Dat is heel mijn vader z’n wereld.,1
SoD-Noun2,7.253a,0,?,De hele rode wijn is op.,0
SoD-Noun2,7.279c,0,?,Heel dat artikel is door iedereen al vergeten.,0
SoD-Noun2,7.279d,0,?,Heel dat artikel was toen nog niet verschenen.,0
SoD-Noun2,7.279e,0,?,Heel dat toneelstuk kan me echt niet bekoren.,0
SoD-Noun2,7.281e,0,?,Ik zou heel die vent niet eens een hand willen geven.,0
SoD-Noun2,7.282e,0,?,Ik zou met die hele vent nog geen seconde willen praten.,0
SoD-Noun2,7.282e,0,?,Ik zou met heel die vent nog geen seconde willen praten.,0
SoD-Noun2,7.304c,0,?,De buurman heb ik alleen nog niets verteld.,0
SoD-Adp,1.45b,0,?,Jan rijdt de auto op de weeginstallatie.,0
SoD-Adp,1.75b,0,?,De bus gaat richting het centrum.,0
SoD-Adp,1.92b,0,?,Jan zet zijn hoed van zijn hoofd af.,0
SoD-Adp,1.103b,0,?,Wat zij zegt is dat Jan graag speelt achter.,1
SoD-Adp,1.107b,0,?,In geademd hebben we zuurstof.,0
SoD-Adp,1.107b,0,?,In geademd hebben we zuurstof en uit geademd kooldioxide.,0
SoD-Adp,1.135a,0,?,Achter de optocht aan renden kinderen.,0
SoD-Adp,1.145c,0,?,Achter de optocht aan liepen de kinderen.,0
SoD-Adp,1.146c,0,?,Tegen de ladder aan liep Jan.,0
SoD-Adp,1.152b,0,?,Ze zagen dat Jan daar af sprong.,1
SoD-Adp,1.152c,0,?,Van het dak af sprong Jan.,0
SoD-Adp,1.152c',0,?,Van het dak sprong Jan af.,0
SoD-Adp,1.153c,0,?,Op het hert af sprong de tijger.,0
SoD-Adp,1.153c',0,?,Op het hert sprong de tijger af.,0
SoD-Adp,1.155c,0,?,Onder de brug door reed Jan.,0
SoD-Adp,1.156c,0,?,Tussen de bomen door reed Jan.,0
SoD-Adp,1.157c,0,?,Om de boom heen reed Jan.,0
SoD-Adp,1.158c,0,?,Tussen die twee meisjes in zit Jan.,0
SoD-Adp,1.160d,0,?,Ik denk dat ik morgen toch langs kom bij hem.,1
SoD-Adp,1.160d,0,?,Ik denk dat ik morgen toch langs ga bij hem.,1
SoD-Adp,1.161c,0,?,Achter het huis om liep Jan.,0
SoD-Adp,1.161c'',0,?,Achter welk huis liep Jan om?,0
SoD-Adp,1.162c,0,?,Tegen de muur op klom Marie.,0
SoD-Adp,1.164c,0,?,Naar oma toe gaat Marie.,0
SoD-Adp,1.165c,0,?,Onder haar jas uit hing de voering.,0
SoD-Adp,1.165c,0,?,Onder haar jas uit stak de voering.,0
SoD-Adp,1.165c'',0,?,Onder welke jas hing de voering uit?,0
SoD-Adp,1.165c'',0,?,Onder welke jas stak de voering uit?,0
SoD-Adp,1.207c,0,?,Jan ligt boven de dekens.,0
SoD-Adp,1.214c,0,?,Jan is rond het meer gereden.,0
SoD-Adp,1.215a,0,?,De weg loopt onder de brug.,0
SoD-Adp,1.215b,0,?,De weg loopt tussen de bomen.,0
SoD-Adp,1.217b',0,?,Jan legt het boek van de boekenkast.,0
SoD-Adp,1.219b,0,?,Jan fietst van Utrecht.,0
SoD-Adp,1.219b',0,?,Jan is van Utrecht gefietst.,0
SoD-Adp,1.219c',0,?,Jan is voorbij Groningen gereden.,0
SoD-Adp,1.226a,0,?,Hij gelooft dat Jan morgen van Utrecht rijdt.,1
SoD-Adp,1.248b,0,?,De vogel is buiten zijn kooi.,0
SoD-Adp,1.271b,0,?,Jan wandelde het meer rond.,0
SoD-Adp,1.290b,0,?,Er hebben horden kinderen achter de optocht aan gelopen.,0
SoD-Adp,1.293a,0,?,Het boek lag van de tafel.,0
SoD-Adp,1.293a,0,?,Het boek lag van de tafel af.,0
SoD-Adp,1.294a,0,?,Jan reed van de berg.,0
SoD-Adp,1.297b,0,?,Jan heeft tussen de bomen gereden.,0
SoD-Adp,1.308b,0,?,Jan heeft tegen de berg geklommen.,0
SoD-Adp,1.310a,0,?,De stenen liggen van hier tot de heg toe.,0
SoD-Adp,1.310b,0,?,Jan legt de stenen van hier tot de heg toe.,0
SoD-Adp,1.321e,0,?,De weg loopt tussen de bomen in.,0
SoD-Adp,1.322c,0,?,Jan doet een jas aan zijn lijf.,0
SoD-Adp,1.323b',0,?,Jan doet zijn das van zijn nek af.,0
SoD-Adp,1.324c,0,?,Jan doet haar een jas aan het lijf.,0
SoD-Adp,1.331b,0,?,Marie zit buiten het huis.,0
SoD-Adp,1.343c,0,?,We hoorden dat Jan de deur groen af verfde.,1
SoD-Adp,1.363a',0,?,De hitte verdampte het water.,0
SoD-Adp,1.385a,0,?,Tegen de avond aan komt ik naar huis.,0
SoD-Adp,1.385e,0,?,Tussen die twee lessen werd Jan gearresteerd.,0
SoD-Adp,1.395a,0,?,Zo klinkt het lachen door Urgje.,1
SoD-Adp,1.395b,0,?,Zo klonk het lezen van boeken van Jan.,1
SoD-Adp,1.410b,0,?,Jan bijt in de nek.,0
SoD-Adp,2.22b,0,?,Van deze positie uit kan je de optocht goed zien.,0
SoD-Adp,2.33d,0,?,Tot dan!,0
SoD-Adp,2.50a,0,?,"Op dat het vuurwerk afgestoken wordt, wacht ik niet.",0
SoD-Adp,2.50b,0,?,Dat ik op dat het vuurwerk afgestoken wordt niet langer wacht.,0
SoD-Adp,2.50c,0,?,Dat Jan niet langer wacht op dat het vuurwerk afgestoken wordt.,0
SoD-Adp,2.51,0,?,Jan wacht niet langer op dat het vuurwerk afgestoken wordt.,0
SoD-Adp,2.55c,0,?,Hij zwaaide tegen dat hij vertrok.,1
SoD-Adp,2.72b,0,?,Met de drank op vertrok iedereen snel.,0
SoD-Adp,2.115b,0,?,Hij wandelde met er nog drie in zijn zak.,1
SoD-Adp,2.115c,0,?,Hij wandelde met er nog drie snoepjes in.,1
SoD-Adp,2.115d,0,?,Hij wandelde met er nog drie in.,1
SoD-Adp,2.121b,0,?,Ik zag dat Jan met die das om zijn nek die hij van zijn zusje gekregen had vertrok.,1
SoD-Adp,2.122b,0,?,Ik zag dat Jan met die das om zijn nek van zijn oudste broer vertrok.,1
SoD-Adp,2.131e,0,?,Zonder iemand in het doel kunnen we niet winnen.,0
SoD-Adp,2.131e',0,?,Zonder alle spelers in het doel kunnen we niet winnen.,0
SoD-Adp,3.13b,0,?,De vuilnisbakken staan ongeveer langs de rand van de stoep.,0
SoD-Adp,3.20b,0,?,De ballon hing ver boven het huis.,0
SoD-Adp,3.20b',0,?,Amsterdam ligt ver onder de zeespiegel.,0
SoD-Adp,3.21b,0,?,De wolkenkrabber steekt ver boven de andere huizen uit.,0
SoD-Adp,3.41b,0,?,Er voor in staat een groot orgel.,0
SoD-Adp,3.41b,0,?,Er achter in staat een groot orgel.,0
SoD-Adp,3.41b,0,?,Er midden in staat een groot orgel.,0
SoD-Adp,3.50b,0,?,Jan trok de spijker ver uit de muur.,0
SoD-Adp,3.54a,0,?,Drie centimeter steekt de spijker uit de muur.,0
SoD-Adp,3.54b',0,?,Hoe steekt de spijker uit de muur?,0
SoD-Adp,3.55a',0,?,Drie cm zit de spijker in de muur.,0
SoD-Adp,3.55b',0,?,Schuin zit de spijker in de muur.,0
SoD-Adp,3.67a,0,?,Jan reed gedeeltelijk van Groningen.,0
SoD-Adp,3.67a,0,?,Jan reed gedeeltelijk naar Groningen.,0
SoD-Adp,3.67a,0,?,Jan reed gedeeltelijk tot Groningen.,0
SoD-Adp,3.69b,0,?,Jan liep de hele berg op.,0
SoD-Adp,3.69e,0,?,Jan liep heel het huis voorbij.,0
SoD-Adp,3.69e,0,?,Jan liep het hele huis voorbij.,0
SoD-Adp,3.69f,0,?,Jan liep heel het kanaal langs.,0
SoD-Adp,3.69f,0,?,Jan liep het hele kanaal langs.,0
SoD-Adp,3.84a,0,?,Hoe kort voor de voorstelling vertrok Jan?,0
SoD-Adp,3.96a,0,?,We hoorden dat Jan erg met dit boek in z'n knollentuin is.,1
SoD-Adp,3.96a,0,?,We hoorden dat Jan zeer met dit boek in z'n knollentuin is.,1
SoD-Adp,4.52b',0,?,Dit is de functie waar we Marie toe menoemen.,1
SoD-Adp,4.52c',0,?,Dit is het beroep waar onze studenten toe opleiden.,1
SoD-Adp,4.54a,0,?,We zagen dat ze het probleem er gelukkig toe konden herleiden.,1
SoD-Adp,4.57a,0,?,Als heel knap beschouwde ik hem.,0
SoD-Adp,4.57a,0,?,Als held beschouwde ik hem.,0
SoD-Adp,4.59a',0,?,Ze wisten dat ik hem altijd al beschouwde als heel knap.,1
SoD-Adp,4.60b',0,?,Waar versleten ze Peter er voor?,0
SoD-Adp,4.60d',0,?,Waar maakten ze Peter voor uit?,0
SoD-Verb1,3.235a',0,?,Een judomat valt prettiger dan de vloer.,0
SoD-Verb1,3.262b',0,?,Het geeft gemakkelijk aan het Rode Kruis.,0
SoD-Verb1,3.263a',0,?,Het valt prettiger op een judomat dan op de vloer.,0
SoD-Verb1,3.264c,0,?,Het heeft altijd al beter gevallen op een judomat dan op de vloer.,0
SoD-Verb1,3.266c',0,?,Het kijk in dat museum prettig naar schilderijen.,0
SoD-Verb1,3.277a,0,?,Het schrijft niet op dit papier.,0
SoD-Verb1,3.277b,0,?,Het breit met deze wol.,0
SoD-Verb1,3.277c,0,?,Het werkt als een trein in de vakantie.,0
SoD-Verb1,3.286a',0,?,Die trui wast gemakkelijk.,0
SoD-Verb1,3.286a',0,?,Die trui wast moeilijk.,0
SoD-Verb1,3.286b',0,?,Het hout bewerkt gemakkelijk.,0
SoD-Verb1,3.286b',0,?,Het hout bewerkt moeilijk.,0
SoD-Verb1,3.287a,0,?,Die trui liet zich gisteren gemakkelijk wassen.,0
SoD-Verb1,3.291a,0,?,Die trui laat zich door een specialist gemakkelijk wassen.,0
SoD-Verb1,3.291b,0,?,Het hout laat zich door een timmerman gemakkelijk bewerken.,0
SoD-Verb1,3.301a,0,?,Lieve kinderen laten zich gemakkelijk zulke cadeaus geven.,0
SoD-Verb1,3.337a,0,(?),Marie gaf een kus aan de man die haar in de trein aansprak.,0
SoD-Verb1,3.337a,0,(?),Marie gaf een trap aan de man die haar in de trein aansprak.,0
SoD-Verb1,3.337b,0,(?),Jan gaf een flinke poetsbeurt aan de auto die hij wou verkopen.,0
SoD-Verb1,3.342a,0,?,Peter gaf de bibliotheek het boek.,0
SoD-Verb1,3.381b,0,(?),Jan legde de baby daar bij zijn tante.,0
SoD-Verb1,3.407b,0,?,De kogels floten bij Peter om de oren.,0
SoD-Verb1,3.407b,0,?,De kogels floten bij hem om de oren.,0
SoD-Verb1,3.407c,0,?,De kogels floten om zijn oren.,0
SoD-Verb1,3.407c,0,?,De kogels floten om Peters oren.,0
SoD-Verb1,3.409b',0,?,Het kind zit steeds bij Peter op de lip.,0
SoD-Verb1,3.410a',0,?,De maaltijd lag zwaar bij hem op de maag.,0
SoD-Verb1,3.410a'',0,?,De maaltijd lag zwaar op zijn maag.,0
SoD-Verb1,3.413b',0,?,Die opmerking schoot bij hem in het verkeerde keelgat.,0
SoD-Verb1,3.413c',0,?,Het geld brandt bij hem in de zak.,0
SoD-Verb1,3.422a,0,?,Jan tikte bij hem op de vingers.,0
SoD-Verb1,3.422b,0,?,Jan kuste bij haar op de mond.,0
SoD-Verb1,3.424d,0,?,Jan gaf een tik bij hem.,0
SoD-Verb1,3.430b,0,?,Peter sloeg bij zich op de vingers.,0
SoD-Verb1,3.430b,0,?,Peter sloeg bij zichzelf op de vingers.,0
SoD-Verb1,3.498a,0,?,Het zit vol met fouten in de tekst.,0
SoD-Verb1,3.498c,0,?,Het staat vol met supporters op de tribune.,0
SoD-Verb1,3.509a,0,?,Ik zie dat het in de tuin van de mieren krioelt.,1
SoD-Verb1,3.509b,0,?,Ik zie dat de tuin van de mieren krioelt.,1
SoD-Verb1,3.519a,0,?,Het staat bol van de fouten in die krant.,0
SoD-Verb1,3.521b,0,?,Het duizelde door zijn hoofd van de nieuwe ideeën.,0
SoD-Verb1,1.146c,0,?,Jan zuigt de hele dag stof.,0
SoD-Verb1,1.187b,0,?,"Dat boek, geef direct terug!",0
SoD-Verb1,1.191c',0,?,"Kom eens hier, u daar!",0
SoD-Verb1,1.191c',0,?,"Kom eens hier, u!",0
SoD-Verb1,1.196b,0,(?),Naar jezelf kijken!,0
SoD-Verb1,1.196b'',0,(?),Naar uzelf kijken!,0
SoD-Verb1,1.198c',0,?,"Hier komen, u daar!",0
SoD-Verb1,1.198c',0,?,"Hier komen, u!",0
SoD-Verb1,1.323a,0,?,Jan zit morgen te lezen.,0
SoD-Verb1,1.323a,0,?,Jan ligt morgen te lezen.,0
SoD-Verb1,1.323a,0,?,Jan staat morgen te lezen.,0
SoD-Verb1,1.323b,0,?,Jan zit zich morgen te vervelen.,0
SoD-Verb1,1.323b,0,?,Jan loopt zich morgen te vervelen.,0
SoD-Verb1,1.324,0,?,Jan is morgen aan het dansen.,0
SoD-Verb1,1.371b,0,?,Ik had vanmorgen je artikel na het ontbijt gelezen.,0
SoD-Verb1,2.96a,0,?,Hij is een aanbieder van boeken.,1
SoD-Verb1,2.102a,0,?,Dat is het Marie aangeboden boek.,1
SoD-Verb1,2.102b,0,?,Dat is het Jan beloofde cadeau.,1
SoD-Verb1,2.104a,0,?,Dat is het dit boek aangeboden meisje.,1
SoD-Verb1,2.104b,0,?,Dat is de dit cadeau beloofde jongen.,1
SoD-Verb1,2.105a,0,?,Dat zijn de het meisje overkomen rampen.,1
SoD-Verb1,2.105b,0,?,Dat was de deze jongen goed bevallen vakantie.,1
SoD-Verb1,2.154,0,?,Jan heeft zijn telefoonnummer vergeten.,0
SoD-Verb1,2.201b,0,?,Dat is het gedroomde kasteel.,1
SoD-Verb1,2.203c',0,?,Jan reed Marie weg.,0
SoD-Verb1,2.217c,0,?,Jan veegt de vloer aan flarden.,0
SoD-Verb1,2.252e,0,?,Er wordt naar Groningen gewandeld.,0
SoD-Verb1,2.354a,0,?,De stad heeft al die tijd gebarsten van de toeristen.,0
SoD-Verb1,2.354a',0,?,Jan heeft al die tijd gebarsten van de honger.,0
SoD-Verb1,2.354a',0,?,Jan heeft al die tijd gebarsten van de hoofdpijn.,0
SoD-Verb1,2.354c,0,?,Deze wijn heeft altijd goed bij dit gerecht gepast.,0
SoD-Verb1,2.371d,0,(?),Er wordt naar een broodje verlangd.,0
SoD-Verb1,2.374a,0,?,Zij zijn vragers.,1
SoD-Verb1,2.376a,0,?,Dat is de om een koekje vragende jongen.,1
SoD-Verb1,2.376a,0,?,Dat is de een koekje vragende jongen.,1
SoD-Noun2,5.449b,0,?,Dat is mijn kinds kamer.,1
SoD-Noun2,5.463b,0,?,Ik heb de jongens met hun allen naar de bioscoop gebracht.,0
SoD-Noun2,5.485a,0,(?),"Degene die het eerst klaar is, is de winnaar.",0
SoD-Noun2,5.485a,0,(?),"Diegene die het eerst klaar is, is de winnaar.",0
SoD-Noun2,5.485b,0,(?),"Degenen die klaar zijn, mogen vertrekken.",0
SoD-Noun2,5.485b,0,(?),"Diegenen die klaar zijn, mogen vertrekken.",0
SoD-Noun2,5.485c,0,(?),"Datgene wat je me nu vertelt, wist ik niet.",0
SoD-Noun2,5.493b,0,?,Plotseling kwam de leraar binnen en hij zei dat we weg mochten.,1
SoD-Noun2,5.495a,0,?,Jan ontmoette gisteren Els en ze vertelde hem dat Peter verliefd was.,1
SoD-Noun2,5.498b,0,?,"Marie, ik ken die niet.",0
SoD-Verb1,2.377b,0,?,Dat is de over het probleem vertellende jongen.,1
SoD-Verb1,2.377b,0,?,Dat is de het probleem vertellende jongen.,1
SoD-Verb1,2.404b,0,?,Jan weegt zwaar.,0
SoD-Verb1,2.405c,0,(?),Dat boek kost te duur.,0
SoD-Verb1,2.405c',0,(?),Dat boekt kost duur genoeg.,0
SoD-Verb1,2.406a,0,(?),Het concert is lang.,0
SoD-Verb1,2.406b,0,(?),Jan is zestig kilo.,0
SoD-Verb1,2.406c,0,(?),Dat boek is vijftig euro.,0
SoD-Verb1,2.434b,0,?,Dat zijn hunkeraars naar vrede.,1
SoD-Verb1,2.485a,0,?,Jan wordt geïrriteerd door zijn gezeur.,0
SoD-Verb1,2.485d,0,?,Jan wordt verbitterd door zijn ontslag.,0
SoD-Verb1,2.498c,0,?,De toeschouwers zijn ongeïnteresseerd in zijn verhaal.,0
SoD-Verb1,2.500a,0,?,Dat is de gisteren door die opmerking geïrriteerde jongen.,1
SoD-Verb1,2.500b,0,?,Dat is de gisteren door dat feit verbaasde man.,1
SoD-Verb1,2.503b,0,?,Hij vertelde dat het publiek door die docent voor taalkunde was geïnteresseerd.,1
SoD-Verb1,2.504a',0,?,Hij vertelde dat de koning door die grap werd geamuseerd.,1
SoD-Verb1,2.524b,0,?,Jan werd door die opmerking boos gemaakt.,0
SoD-Verb1,2.572b,0,?,Hij verheugde haar met die uitslag.,0
SoD-Verb1,2.572c,0,(?),Hij verbaasde haar met dit argument.,0
SoD-Verb1,2.574b,0,?,Het truitje wast gemakkelijk.,0
SoD-Verb1,3.44a',0,?,Jan laat naar zijn wonden kijken door de dokter.,0
SoD-Verb1,3.56a',0,?,In het tweede bedrijf werd er door die acteur op tijd gevallen.,0
SoD-Verb1,3.56a',0,?,In het tweede bedrijf werd door die acteur op tijd gevallen.,0
SoD-Verb1,3.56b',0,?,In deze uitvoering wordt er door de acteur op magistrale wijze gestorven.,0
SoD-Verb1,3.56b',0,?,In deze uitvoering wordt door de acteur op magistrale wijze gestorven.,0
SoD-Verb1,3.57a,0,?,In de derde wereld wordt ontzettend veel gestorven.,0
SoD-Verb1,3.57b,0,?,Tijdens die wedstrijd werd ontzettend veel gevallen.,0
SoD-Verb1,3.79b',0,?,Hij vertelde dat de draak met Els werd gestoken.,1
SoD-Verb1,3.91b,0,?,De jongen werden de stuipen op het lijf gejaagd.,0
SoD-Verb1,3.95b,0,?,Hij zei dat elkaars werk de meisjes getoond werd.,1
SoD-Verb1,3.123b,0,?,Hij kreeg het zout aan gegeven.,0
SoD-Verb1,3.141a',0,?,Zij krijgt het boek door de burgemeester aangeboden.,0
SoD-Verb1,3.141c',0,?,Hij kreeg een glas bier door Els ingeschonken.,0
SoD-Verb1,3.142c,0,?,Hij kreeg van Els een glas bier ingeschonken.,0
SoD-Verb1,3.175a,0,?,Zo'n muur verft gemakkelijk voor een ervaren schilder.,0
SoD-Verb1,3.175a,0,?,Zo'n muur verft moeilijk voor een ervaren schilder.,0
SoD-Verb1,3.175a,0,?,Zo'n muur verft plezierig voor een ervaren schilder.,0
SoD-Verb1,3.175b,0,?,Zo'n boek vertaalt gemakkelijk voor een ervaren vertaler.,0
SoD-Verb1,3.175b,0,?,Zo'n boek vertaalt moeilijk voor een ervaren vertaler.,0
SoD-Verb1,3.175b,0,?,Zo'n boek vertaalt plezierig voor een ervaren vertaler.,0
SoD-Verb1,3.188a,0,?,Jan versiert gemakkelijk.,0
SoD-Verb1,3.188b,0,?,Jan opereert gemakkelijk.,0
SoD-Verb1,3.197c,0,?,Rijst eet meestal gemakkelijk.,0
SoD-Verb1,3.209b,0,?,Die glazen hebben altijd al gemakkelijk gebroken.,0
SoD-Verb1,3.209c,0,?,Deze fles is altijd al gemakkelijk omgevallen.,0
SoD-Verb1,3.210a,0,?,De deur bleek automatisch gesloten.,0
SoD-Verb1,3.210b,0,?,De glazen bleken vanzelf gebroken.,0
SoD-Verb1,3.214a',0,?,De deur sloot daarnet gemakkelijk.,0
SoD-Verb1,3.214a',0,?,De deur sloot daarnet moeilijk.,0
SoD-Verb1,3.215a,0,?,De deur is automatisch aan het sluiten.,0
SoD-Verb1,3.215b,0,?,De glazen zijn vanzelf aan het breken.,0
SoD-Verb1,3.218b',0,?,Die glazen braken gemakkelijk vanzelf.,0
SoD-Verb1,3.218b',0,?,Die glazen braken moeilijk vanzelf.,0
SoD-Verb1,3.222a',0,?,Dit type auto verkocht vanmorgen gemakkelijk.,0
SoD-Verb1,3.222c,0,?,Dit type auto is goed aan het verkopen.,0
SoD-Verb2,4.22a,0,?,Jan voorkwam hierdoor net op tijd zijn bril te vermorzelen.,0
SoD-Verb2,4.22b,0,?,Jan voorkwam zo net op tijd te vallen.,0
SoD-Verb2,4.76b,0,?,Els heeft de hele dag over het probleem lopen te piekeren.,0
SoD-Verb2,5.26a,0,?,De vrouw riep dat iedereen gek is die dit leest.,1
SoD-Verb2,5.38b,0,?,Jan vroeg van zijn team dat het altijd beschikbaar was.,0
SoD-Verb2,5.54a,0,?,Heeft Jan aangetoond of vette vis gezond is?,0
SoD-Verb2,5.149e,0,?,"“Peter zal het boek morgen”, zei Marie, “brengen”.",0
SoD-Verb2,5.150e,0,?,"“Peter zal het boek morgen”, zo zei Marie, “brengen”.",0
SoD-Verb2,5.180b,0,?,Hij had een houding als ... dat vertik ik!,0
SoD-Verb2,5.214a',0,?,Jan heeft geknikt van ja.,0
SoD-Verb2,5.214b',0,?,Jan heeft geschud van nee.,0
SoD-Verb2,5.235b,0,?,Duidelijk is het geworden dat Jan de nieuwe voorzitter wordt.,0
SoD-Verb2,5.236b,0,?,Gebleken is het dat vette vis gezond is.,0
SoD-Verb2,5.236b',0,?,Gebleken is er dat vette vis gezond is.,0
SoD-Verb2,5.245a,0,?,Hij zei dat Jan klaagde over dat Marie hem steeds plaagt.,1
SoD-Verb2,5.245b,0,?,HIj zei dat Jan twijfelt over of hij het boek zal lezen.,1
SoD-Verb2,5.245b',0,?,Hij zei dat Jan twijfelt over welk boek hij zal lezen.,1
SoD-Verb2,5.246c,0,?,Jan klaagt altijd over dat het regent.,0
SoD-Verb2,5.278a,0,?,"Jan luistert naar iemand, maar ik weet niet wie.",0
SoD-Verb2,5.289a,0,?,"Jan is onlangs vertrokken, maar ik weet niet wanneer.",0
SoD-Verb2,5.296a,0,?,"Jan roddelt over iemand, maar ik weet niet wie.",0
SoD-Verb2,5.296b',0,?,Jan heeft over je weet wel wie geroddeld.,0
SoD-Verb2,5.297a,0,?,"Jan rekent ergens op, maar ik weet niet op wat.",0
SoD-Verb2,5.304b,0,?,"Ik weet het niet zeker, maar ik heb steeds vermoed een boek.",0
SoD-Verb2,5.455a,0,?,Ik was verbaasd door Jans verwijt aan haar niets te doen.,1
SoD-Verb2,5.455c,0,?,Hij was verbaasd door het verwijt niets te mogen doen.,1
SoD-Verb2,5.483b,0,?,Jan heeft altijd aardig geschenen.,0
SoD-Verb2,5.698c,0,?,Jan voelde zichzelf in slaap sukkelen.,0
SoD-Verb2,5.699a,0,?,Jan ziet zichzelf binnenkort naar Londen gaan.,0
SoD-Verb2,5.699b,0,?,Jan ziet zichzelf niet snel vertrekken.,0
SoD-Verb2,5.707c,0,?,Ik hoor een liedje gezongen worden.,0
SoD-Verb2,5.754c,0,?,Ik heb de was buiten.,0
SoD-Verb2,5.759a,0,?,Marie heeft drie koeien lopen.,0
SoD-Verb2,5.759b,0,?,Jan heeft drie auto's rijden.,0
SoD-Verb2,5.759c,0,?,We hebben tenminste drie turbines draaien.,0
SoD-Verb2,5.760b,0,?,Marie heeft drie koeien grazen.,0
SoD-Verb2,5.766a',0,?,Duidelijk is het dat Peter straks langskomt.,0
SoD-Verb2,5.766b',0,?,Onduidelijk is het of Peter straks langskomt.,0
SoD-Verb2,5.767a,0,?,Een feit is het dat hij te lui is.,0
SoD-Verb2,5.767b,0,?,Een open vraag is het of zij voldoende vaardigheden heeft.,0
SoD-Verb2,6.52c,0,?,Ik dacht dat Peter zijn moeder zou op hebben gebeld.,1
SoD-Verb2,6.53,0,?,Ik denk dat Peter zijn moeder heeft op moeten bellen.,1
SoD-Verb2,6.54b,0,?,Ik denk dat Els het hek zou geel geverfd hebben.,1
SoD-Verb2,6.54b',0,?,Ik denk dat Els het hek zou geel hebben geverfd.,1
SoD-Verb2,6.54c,0,?,Ik denk dat Els het hek heeft geel moeten verven.,1
SoD-Verb2,6.56b',0,?,Ik hoorde dat Els zou paard hebben gereden.,1
SoD-Verb2,6.56c,0,?,Ik hoorde dat Els had paard willen rijden.,1
SoD-Verb2,6.94a,0,?,Hij eiste dat het hek zou rood worden geschilderd.,1
SoD-Verb2,6.123c,0,?,Ik denk dat we met die boeken zitten opgescheept.,0
SoD-Verb2,6.129b,0,?,Ik zie Jan aangefietst komen.,0
SoD-Verb2,6.152,0,?,De bal ligt te rollen op de grond.,0
SoD-Verb2,6.251b,0,?,Haar verraden denk ik niet dat hij doet.,0
SoD-Verb2,6.253b',0,?,Haar verraden denk ik niet dat hij kan.,0
SoD-Verb2,6.254b,0,?,"Haar verraden, dat denk ik niet dat hij doet.",0
SoD-Verb2,6.255b',0,?,Haar verraden dat denk ik niet dat hij kan.,0
SoD-Verb2,7.9b,0,?,Ik dacht dat Jan Marie beweert dat boek te geven.,1
SoD-Verb2,7.14b,0,?,Hij zei dat Jan Marie heeft geprobeerd dat boek te geven.,1
SoD-Verb2,7.58b,0,?,Wij horen dat Jan dat boek heeft schijnen te lezen.,1
SoD-Verb2,7.88a,0,?,Ik denk dat Jan dat boek heeft moeten gaan lezen.,1
SoD-Verb2,7.88b,0,?,Ik denk dat Jan dat boek heeft moeten zitten lezen.,1
SoD-Verb2,7.97a,0,?,Ik hoor dat Jan dat boek schijnt te hebben proberen te lezen.,1
SoD-Verb2,7.97b,0,?,Ik hoorde dat Jan dat boek schijnt te hebben gebeerd te lezen.,1
SoD-Verb2,7.103b,0,?,Ik dacht dat Jan haar dat boek probeert te zien lezen.,1
SoD-Verb2,7.109b,0,?,Hij zei dat Jan Marie de merel zag horen zingen.,1
SoD-Verb2,7.109c,0,?,Hij zei dat Jan Marie haar hond zag laten zwemmen.,1
SoD-Verb2,7.111b,0,?,Ik denk dat Jan Marie de merel laat horen zingen.,1
SoD-Verb2,7.127b,0,?,Ik weet dat Marie waarschijnlijk een boek lezen wil.,1
SoD-Verb2,7.156a,0,?,Jan heeft dat boek lijken te lezen.,0
SoD-Verb2,7.156b,0,?,Wij hoorden dat Jan dat boek heeft lijken te lezen.,1
SoD-Verb2,7.157a,0,?,Jan schijnt dat boek daar te zitten te lezen.,0
SoD-Verb2,7.157b,0,?,Jan gaat dat boek daar zitten te lezen.,0
SoD-Noun2,8.4c,0,?,Hij gaf boeken aan mensen.,0
SoD-Noun2,8.8b,0,?,Hij heeft welk boek gelezen?,0
SoD-Noun2,8.8b',0,?,Hij heeft wat voor een boek gelezen.,0
SoD-Noun2,8.9c',0,?,Ik vroeg aan welke jongen hij welk boek aangeboden had.,0
SoD-Noun2,8.10c',0,?,Aan welke jongen heeft hij welk boek aangeboden?,0
SoD-Noun2,8.11c',0,?,Aan wie heeft hij welk boek aangeboden?,0
SoD-Noun2,8.14a,0,?,Welke jongen denk je dat het boek zal krijgen?,0
SoD-Noun2,8.37a',0,?,Jan zal waarschijnlijk een nieuwe uitnodiging afslaan.,0
SoD-Noun2,8.37b,0,?,De Veiligheidsraad zal waarschijnlijk een tweede aanval veroordelen.,0
SoD-Noun2,8.38a',0,?,Ik hoorde dat Jan enkele boeken waarschijnlijk weggooit.,1
SoD-Noun2,8.38c,0,?,Ik hoorde dat Jan waarschijnlijk sommige boeken weggooit.,1
SoD-Noun2,8.41a',0,?,Ik heb vernomen dat Jan iemand waarschijnlijk uitnodigt.,1
SoD-Noun2,8.41b',0,?,Ik heb vernomen dat Jan iets waarschijnlijk aan Peter wil geven.,1
SoD-Noun2,8.43b,0,?,Marie zal alle studenten waarschijnlijk uitnodigen.,0
SoD-Noun2,8.44b,0,?,Ik heb vernomen dat Jan iedereen waarschijnlijk meeneemt.,1
SoD-Noun2,8.45b',0,?,Ik hoorde dat Jan alles vaak meeneemt.,1
SoD-Noun2,8.52c,0,?,Jij zei dat Jan zijn moeder het waarschijnlijk heeft gegeven.,1
SoD-Noun2,8.57a,0,?,Jan heeft waarschijnlijk in de tuin het boek gelezen.,0
SoD-Noun2,8.57b,0,?,Jan heeft waarschijnlijk in de pauze zijn koffie genuttigd.,0
SoD-Noun2,8.60a,0,?,Jan zal het boek morgen waarschijnlijk lezen.,1
SoD-Noun2,8.60b,0,?,Jan zal het boek thuis waarschijnlijk lezen.,1
SoD-Noun2,8.65b,0,?,Het boek heeft hij niet gelezen maar het artikel.,0
SoD-Noun2,8.66b,0,?,Niet het boek gelezen heeft hij maar de film gezien.,0
SoD-Noun2,8.67b,0,?,Jan heeft waarschijnlijk iemand niet gezien.,0
SoD-Noun2,8.72b,0,?,Er is een broer van mij gisteren overreden.,1
SoD-Noun2,8.75a,0,?,Ik hoorde dat een man een boek gekocht heeft.,1
SoD-Noun2,8.75b,0,?,Ik hoorde dat er een man het boek gekocht heeft.,1
SoD-Noun2,8.77a,0,?,Er werd een tachtig jaar oude man niet binnengelaten.,0
SoD-Noun2,8.125b,0,?,Jan heeft altijd de directeur al willen zijn.,0
SoD-Noun2,8.138c,0,?,"Een walvis, dat is een zoogdier.",0
SoD-Noun2,8.142c,0,?,Ik ben die les weer aanwezig.,0
SoD-Noun2,8.147a,0,?,Hij komt een uur op visite.,0
SoD-Noun2,8.148b,0,?,Hij heeft drie uren liggen slapen.,0
SoD-Noun2,8.158c,0,?,Ik ben het weekend in Antwerpen.,0
SoD-Noun2,8.159b,0,?,HIj komt komende dag weer thuis.,0
SoD-Noun2,8.159c,0,?,Hij komt die dag weer thuis.,0
SoD-Coord,1.131a,0,?,Op dat ik op tijd kom kan je rekenen.,0
SoD-Coord,1.133,0,?,Je kan op mijn hulp rekenen en dat ik op tijd ben.,0
SoD-Coord,1.140b,0,?,Jan heeft me beloofd om te komen en dat hij blijft eten.,0
SoD-Coord,1.166a,0,(?),Ik heb een hond –en wel een poedel– gekocht.,0
SoD-Coord,1.166a',0,(?),Jan is naar beneden –en wel naar de kelder– gegaan.,0
SoD-Coord,1.252,0,?,Ik heb niet alleen de Kroaten in de Balkan voor ogen maar ook zij die elders wonen.,0
SoD-Coord,1.292a,0,?,Er worden hier Engels en Duits gesproken.,0
SoD-Coord,1.293a,0,?,Roken en drinken zijn gezond.,0
SoD-Coord,1.302a,0,(?),Dit hier en dat daar kunnen opgeruimd worden.,0
SoD-Coord,1.302b,0,?,Dit hier en dat daar wisselt voortdurend van plaats.,0
SoD-Coord,1.308b,0,(?),Het zijn warme plekken in de keuken en op zolder.,0
SoD-Coord,1.420a,0,?,Het is vervelend dat Jan niets kan zeggen of Marie bespot hem.,0
SoD-Coord,1.420b,0,?,Het feit dat Jan niets kan zeggen of Marie bespot hem is vervelend.,0
SoD-Coord,1.423a,0,(?),"Jan kan niets zeggen, of Marie protesteert of de voorzitter grijpt in.",0
SoD-Coord,1.469a',0,?,Ik denk dat Jan maar zelfs Marie aanwezig is.,1
SoD-Coord,1.469b',0,?,Ik denk dat Jan van Marie maar zelfs van Els hulp kreeg.,1
SoD-Coord,1.469c',0,(?),Ik denk dat afvaldiëten nutteloos maar ook schadelijk zijn.,1
SoD-Coord,1.469c',0,?,Ik denk dat afvaldiëten nutteloos maar zelfs schadelijk zijn.,1
SoD-Coord,1.469d',0,?,Ik denk dat Jan vandaag maar zelfs morgen aanwezig is.,1
SoD-Coord,1.472a',0,?,Gisteren hebben niet wij maar Jan geklaagd.,0
SoD-Coord,1.472b',0,?,Gisteren heeft niet Jan maar wij geklaagd.,0
SoD-Coord,1.474a',0,?,Gisteren heb niet ik maar Jan geklaagd.,0
SoD-Coord,1.474b',0,?,Gisteren heeft niet Jan maar ik geklaagd.,0
SoD-Coord,1.475a',0,(?),Gisteren heb niet ik maar Jan zich beklaagd over stank.,0
SoD-Coord,1.475b',0,(?),Gisteren heeft niet Jan maar ik me beklaagd over stank.,0
SoD-Coord,1.527b',0,?,Jan ging en ziek en moe naar bed.,0
SoD-Adp,5.67b',0,?,Dat is de berg waar hij is op geklommen.,1
SoD-Adp,5.68b',0,?,Zij vertelde dat hij op die berg is geklommen.,1
SoD-Adp,5.70b,0,?,De haven waar de kapitein het schip in gevaren heeft.,0
SoD-Adp,5.73b',0,(?),Jan sprong er af.,0
SoD-Adp,5.75a,0,?,Jan liep langs het huis heen.,0
SoD-Adp,5.77b',0,(?),Jan liep er boven.,0
SoD-Adp,5.77b',0,(?),Jan liep onder langs.,0
SoD-Adp,5.83c,0,?,Jan kwam om de hoek vandaan.,0
SoD-Adp,5.103a',0,(?),Waarnaar heeft Jan de hele dag gezocht?,0
SoD-Adp,5.103b'',0,(?),Dat is het pakje waarnaar Jan de hele dag gezocht heeft.,1
SoD-Adp,5.151b,0,(?),In welke muur sloeg Jan de spijker met een hamer?,0
SoD-Adp,5.151c,0,(?),In de muur sloeg Jan de spijker met een hamer.,0
SoD-Adp,5.153c,0,?,In die kast stonden er twee grammatica's.,0
SoD-Adp,5.184b,0,?,Jan heeft er ergens de sleutel mee uit gehaald.,0
SoD-Adp,5.184c,0,?,Jan heeft er overal de sleutel mee uit gehaald.,0
SoD-Verb3,11.296b,0,(?),Dit boek denk ik dat Jan gekocht heeft.,0
SoD-Verb3,11.296b,0,(?),Dit boek weet ik dat Jan gekocht heeft.,0
SoD-Verb3,11.302a,0,(?),Mijn zuster zei Jan dat dit boek gelezen had.,0
SoD-Verb3,11.302a,0,(?),Zij zei Jan dat dit boek gelezen had.,0
SoD-Verb3,11.330b',0,?,De auto te repareren probeert Jan al tijden.,0
SoD-Verb3,11.352b',0,?,Beloven wil hij niet dat hij komt.,0
SoD-Verb3,11.355b,0,?,Boeken gelezen worden er bijna niet meer.,0
SoD-Verb3,11.358a',0,?,Boeken te lezen zit hij hier altijd.,0
SoD-Verb3,11.358b',0,?,Te lezen zit hij dat boek altijd hier.,0
SoD-Verb3,11.371b,0,?,"Boeken lezen, dat gaat hij niet doen.",0
SoD-Verb3,11.406a,0,(?),Wat een mooie boeken zei hij dat er in die kast staan!,0
SoD-Verb3,11.406b,0,(?),Wat een mooie boeken zei hij dat je gekocht hebt!,0
SoD-Verb3,11.406c,0,(?),Wat mooi zei hij dat die boeken zijn!,0
SoD-Verb3,11.421c,0,(?),Wat hebben er een mensen een goederen gedoneerd!,0
SoD-Verb3,11.456a,0,(?),Jan heeft meer boeken dan ik denk dat Els cd's.,0
SoD-Verb3,11.456a,0,(?),Jan heeft meer boeken dan ik denk dat Els cd's heeft.,0
SoD-Verb3,11.456b,0,(?),Jan heeft meer boeken dan ik denk dat Peter zei dat Els cd's.,0
SoD-Verb3,11.456b,0,(?),Jan heeft meer boeken dan ik denk dat Peter zei dat Els cd's heeft.,0
SoD-Verb3,11.474b,0,(?),Hem denkt Jan dat ik het meest bewonder.,0
SoD-Verb3,11.487b,0,(?),Hem die denkt Jan dat ik het meest bewonder.,0
SoD-Verb3,11.527b,0,?,Welke boek heeft Jan het te bekijken weggelegd?,0
SoD-Verb3,8.71c,0,?,Het is helemaal zo dat Jan de appel heeft opgegeten.,0
SoD-Verb3,8.71c,0,?,Het is gedeeltelijk zo dat Jan de appel heeft opgegeten.,0
SoD-Verb3,8.161a,0,?,Jan speelt viool nadat hij danst.,0
SoD-Verb3,8.161b,0,?,Jan speelde viool nadat hij danste.,0
SoD-Verb3,8.165b,0,?,Jan lacht en hij doet dat vaak.,0
SoD-Verb3,8.173a',0,?,Jan gaat vrij waarschijnlijk weg.,0
SoD-Verb3,8.196,0,?,Jan gaat waarschijnlijk om drie uur in het park graag wandelen.,0
SoD-Verb3,8.205a,0,?,Ik weet dat Marie ook bijna met 'm ging spelen.,1
SoD-Verb3,8.207b,0,?,Ik denk dat Marie gewoonlijk wijselijk niet met 'm wil spelen.,1
SoD-Verb3,8.213a,0,?,Ik denk dat Jan helaas morgen niet komt.,1
SoD-Verb3,8.213a,0,?,Ik denk dat Jan wijselijk morgen niet komt.,1
SoD-Verb3,8.213b,0,?,Ik denk dat Jan helaas in Utrecht niet overnacht.,1
SoD-Verb3,8.213b,0,?,Ik denk dat Jan wijselijk in Utrecht niet overnacht.,1
SoD-Verb3,9.42b,0,?,Zij zei Jan dat ze dit boek gelezen had.,0
SoD-Verb3,10.25b,0,?,Peter springt op straat touwtje.,0
SoD-Verb3,10.61a,0,?,Ik denk dat Peter graag zou auto willen rijden.,1
SoD-Verb3,10.61b,0,?,Ik denk dat Peter graag zou piano willen spelen.,1
SoD-Verb3,10.101c,0,?,Jan probeert de kaartjes voor te verkopen.,0
SoD-Verb3,10.102a,0,?,Jan is de oven voor aan het verwarmen.,0
SoD-Verb3,10.103a,0,?,Hij zegt dat Jan de oven voor zal verwarmen.,1
SoD-Verb3,11.106d,0,?,Wie heeft Jan die baan geboden?,0
SoD-Verb3,11.115d,0,?,Welke sollicitant heeft Jan die baan aangeboden?,0
SoD-Verb3,11.139a,0,?,Hoe goed verzekerd is uw huis?,0
SoD-Verb3,11.145a,0,?,Waar naar kijk je?,0
SoD-Verb3,11.145b,0,?,Waar in zullen we deze ring stoppen?,0
SoD-Verb3,11.145c,0,?,Waar na moest hij nu weg: het 1e of het 2e bedrijf?,0
SoD-Verb3,11.176b,0,?,Hoe zwaar verslaafd is Jan?,0
SoD-Verb3,11.178b',0,?,Hoeveel meter is het zwembad lang?,0
SoD-Verb3,11.187a',0,?,Welke jongen denk je dat de brief zal lezen?,0
SoD-Verb3,11.189a,0,?,Wie heeft gelogen?,0
SoD-Verb3,11.189b,0,?,Welke jongen heeft er gelogen?,0
SoD-Verb3,11.190a,0,?,Ik weet dat iemand een boek gekocht heeft.,1
SoD-Verb3,11.190b,0,?,Ik weet dat er iemand het boek gekocht heeft.,1
SoD-Verb3,11.191b,0,?,Welke jongen denk je dat er een boek gekocht heeft?,0
SoD-Verb3,11.191b',0,?,Welke jongen heeft er een boek gekocht?,0
SoD-Verb3,11.192a,0,?,Ik vraag me af wie gelogen heeft?,0
SoD-Verb3,11.192b,0,?,Ik vraag me af welke jongen er gelogen heeft?,0
SoD-Verb3,11.215b,0,?,Welk boek betreurde Jan dat Marie gekocht had?,0
SoD-Verb3,11.237b,0,?,In welke stad wist Jan niet dat ik gewoond had.,0
SoD-Verb3,11.237b',0,?,Van welke stad wist Jan niet dat ik er gewoond had.,0
SoD-Verb3,11.263b',0,?,Aan wie wil Jan wat geven?,0
SoD-Verb3,11.266b',0,(?),Waar heeft hij wie ontmoet?,0
SoD-Verb3,11.266b',0,(?),Wanneer heeft hij wie ontmoet?,0
SoD-Verb3,11.271b,0,(?),De jongen waar naar je kijkt is mijn broer.,0
SoD-Verb3,11.272c,0,?,De man waar bij de kat zit is mijn broer.,0
SoD-Verb3,11.539a,0,?,Ik zag dat het boek zonder ze te bekijken werd weggelegd.,1
SoD-Verb3,11.540a,0,?,Zij leken elkaar ziek te zijn.,0
SoD-Verb3,11.540a,0,?,Zij leken zichzelf ziek te zijn.,0
SoD-Verb3,11.540b,0,?,Iedereen leek zijn moeder de beste kandidaat te zijn.,0
SoD-Verb3,11.542b,0,?,Ik denk dat ze door Jan zonder te lezen werden opgeborgen.,1
SoD-Verb3,11.549a,0,?,Jan heeft die boeken weggelegd zonder te bekijken.,0
SoD-Verb3,11.564b,0,?,Dit is het meisje waar een vriend van op wacht.,1
SoD-Verb3,12.18b',0,?,Vertel haar dat gewacht wordt op de architect.,1
SoD-Verb3,12.19b,0,?,Ik zag dat Jan omdat hij kwaad was vertrok.,1
SoD-Verb3,12.37a,0,(?),Houden van lof zal ik nooit.,0
SoD-Verb3,12.38a,0,(?),Rekenen op een bonus doet hij niet.,0
SoD-Verb3,12.71b,0,?,Ik weet dat Jan graag leest de hele dag.,1
SoD-Verb3,12.72b,0,?,Ik hoorde dat Els graag een lezing geeft volgende week.,1
SoD-Verb3,12.72b',0,?,"Een lezing geven doet Els graag, volgende week.",0
SoD-Verb3,12.86b,0,(?),Jan heeft waarschijnlijk de man 10 euro gegeven die hem wil helpen.,0
SoD-Verb3,12.87b,0,?,Marie heeft veel mensen raad gegeven met financiële problemen.,0
SoD-Verb3,12.89c,0,(?),Ik denk dat Jan een boek met plaatjes heeft gekocht die ingekleurd zijn.,1
SoD-Verb3,12.90c,0,?,Ik denk dat Jan een boek met plaatjes heeft gekocht in kleur.,1
SoD-Verb3,12.131b,0,(?),Jan heeft waarschijnlijk gewerkt in de tuin tot drie uur.,0
SoD-Verb3,12.132b,0,(?),Jan heeft gewerkt in de tuin ondanks de hitte.,0
SoD-Verb3,13.63c,0,?,Ze zei dat hij zijn moeder het waarschijnlijk heeft gegeven.,1
SoD-Verb3,13.157b,0,(?),Jan is alleen op Marie maar boos geweest.,0
SoD-Verb3,13.157b',0,(?),Alleen op Marie is Jan maar boos geweet.,0
SoD-Verb3,13.158a',0,?,Ook is Jan al boos op Marie geweest.,0
SoD-Verb3,13.175b,0,?,Ik hoorde dat waarschijnlijk zij morgen komt.,1
SoD-Verb3,13.202c,0,?,Ik denk dat Jan waarschijnlijk er over wil praten.,1
SoD-Verb3,13.212b,0,?,Ik denk dat er twee 'm het boek aangeboden hebben.,1
SoD-Verb3,13.212c,0,?,Ik denk dat er twee 't 'm aangeboden hebben.,1
SoD-Verb3,13.214a,0,?,Jan heeft er 'm één gegeven.,0
SoD-Verb3,13.214b,0,?,Ik heb er ze een paar gegeven.,0
SoD-Verb3,13.215b'',0,?,Ik denk dat ik 't er twee heb aangeboden.,1
SoD-Verb3,14.50a',0,?,"Alle boeken van Reve, die heb ik gelezen.",0
SoD-Verb3,14.50b',0,?,"De meeste boeken van Reve, die heb ik gelezen.",0
SoD-Verb3,14.50c',0,?,"Elk boek van Reve, dat heb ik gelezen.",0
SoD-Noun1,2.22b,0,?,Ik hoorde over de dokters behandeling van Jan.,1
SoD-Noun1,2.28a,0,(?),Ik hoorde het gehuil door de kinderen.,1
SoD-Noun1,2.34b,0,?,Zij voelt een begeerte naar macht.,0
SoD-Noun1,2.36b,0,?,Het aardappels eten is niet zo populair meer.,0
SoD-Noun1,2.40a,0,?,Het werknemers bonussen geven is hier niet gebruikelijk.,0
SoD-Noun1,2.40b,0,?,Het bonussen geven aan werknemers is hier niet gebruikelijk.,0
SoD-Noun1,2.48c,0,?,Het werknemers bonussen geven kan stimulerend werken.,0
SoD-Noun1,2.49c,0,?,Het bonussen aan werknemers geven is hier niet gebruikelijk.,0
SoD-Noun1,2.78a,0,?,De prijsuitreiking aan de Oscarwinnaars is volgende week.,0
SoD-Verb2,5.508b,0,(?),Jan belooft het een goed mens te worden.,0
SoD-Verb2,5.532a,0,?,Jan wordt dat boek geacht te lezen.,0
SoD-Verb2,5.566b,0,?,Ik weet dat Jan dat boek in ontvangst geprobeerd heeft te nemen.,1
SoD-Verb2,5.569a,0,?,Ik weet dat Jan dat boek in ontvangst heeft geprobeerd te nemen.,1
SoD-Verb2,5.574a,0,?,Ik weet dat Jan het hek donkerblauw besloot te schilderen.,1
SoD-Verb2,5.574b,0,?,Ik weet dat Jan Marie op besloot te bellen.,1
SoD-Verb2,5.588a,0,(?),Ik weet dat Jan Marie het boek verzocht te kopen.,1
SoD-Verb2,5.588a,0,(?),Ik weet dat Jan haar het boek verzocht te kopen.,1
SoD-Verb2,5.588b,0,(?),Ik weet dat Jan Marie het boek heeft verzocht te kopen.,1
SoD-Verb2,5.588b,0,(?),Ik weet dat Jan haar het boek heeft verzocht te kopen.,1
SoD-Verb2,5.591a',0,?,Ik heb die jongen gisteren geprobeerd te ontmoeten.,0
SoD-Verb2,5.591a',0,?,Ik heb die jongen gisteren geprobeerd vandaag te ontmoeten.,0
SoD-Verb2,5.592a',0,?,Marie had die jongen gisteren geweigerd morgen te helpen.,0
SoD-Verb2,5.607a,0,?,Ik weet dat Jan computers repareren wil leren.,1
SoD-Verb2,5.607b',0,?,Ik weet dat Jan computers repareren heeft geleerd.,1
SoD-Verb2,5.651a,0,?,Volgens de regels moet de voorzitter dat.,0
SoD-Verb2,5.651b,0,?,Volgens gewoonte mag de vader dat.,0
SoD-Zw,7.64b,0,?,Tasman moet het Zuidland gezien hebben en Cook moet dat ook wel.,0
SoD-Zw,7.148,0,?,Iedereen kent Tasman niet.,0
SoD-Zw,7.156a,0,?,Alle eilanden zijn nog niet ontdekt.,0
SoD-Zw,7.221b,0,?,Welk heiligdom vond Cook het tijd om met vuur te vernietigen?,0
SoD-Zw,7.223c,0,?,Hoe heeft Cook het heiligdom niet vernietigd?,0
SoD-Zw,9.42b,0,?,Na Zwolle rijdt deze trein verder naar Groningen en zal alleen stoppen te Assen.,0
SoD-Zw,9.43a,0,?,Deze trein rijdt verder als intercity en kun je dus beter niet nemen.,0
SoD-Zw,4.39,0,?,Hij zei dat Tasman het Zuidland zou hebben ontdekt.,1
SoD-Zw,4.69,0,?,Tasman heeft toen de kralen de Maori's maar gegeven.,1
SoD-Zw,4.69,0,?,Tasman heeft toen de kralen de Maori's maar terug gegeven.,1
